location,date,total_cases_per_million,new_cases_per_million,total_deaths_per_million,new_deaths_per_million,stringency_index,hospital_beds_per_thousand,testing_policy,contact_tracing,facial_coverings,restrictions_internal_movements,international_travel_controls,cancel_public_events,restriction_gatherings,school_closures,workplace_closures,stay_home_requirements
United States,2020-01-23,0.003,0.0,0.0,0.0,0.0,2.77,0,1,0,0,0,0,0,0,0,0
United States,2020-01-24,0.006,0.003,0.0,0.0,0.0,2.77,0,1,0,0,0,0,0,0,0,0
United States,2020-01-25,0.006,0.0,0.0,0.0,0.0,2.77,0,1,0,0,0,0,0,0,0,0
United States,2020-01-26,0.015,0.009,0.0,0.0,0.0,2.77,0,1,0,0,0,0,0,0,0,0
United States,2020-01-27,0.015,0.0,0.0,0.0,0.0,2.77,0,1,0,0,0,0,0,0,0,0
United States,2020-01-28,0.015,0.0,0.0,0.0,0.0,2.77,0,1,0,0,0,0,0,0,0,0
United States,2020-01-29,0.018,0.003,0.0,0.0,0.0,2.77,0,1,0,0,0,0,0,0,0,0
United States,2020-01-30,0.018,0.0,0.0,0.0,0.0,2.77,0,1,0,0,0,0,0,0,0,0
United States,2020-01-31,0.024,0.006,0.0,0.0,0.0,2.77,0,1,0,0,0,0,0,0,0,0
United States,2020-02-01,0.024,0.0,0.0,0.0,0.0,2.77,0,1,0,0,0,0,0,0,0,0
United States,2020-02-02,0.024,0.0,0.0,0.0,5.56,2.77,0,1,0,0,2,0,0,0,0,0
United States,2020-02-03,0.033,0.009,0.0,0.0,5.56,2.77,0,1,0,0,2,0,0,0,0,0
United States,2020-02-04,0.033,0.0,0.0,0.0,5.56,2.77,0,1,0,0,2,0,0,0,0,0
United States,2020-02-05,0.033,0.0,0.0,0.0,5.56,2.77,0,1,0,0,2,0,0,0,0,0
United States,2020-02-06,0.035,0.003,0.0,0.0,5.56,2.77,0,1,0,0,2,0,0,0,0,0
United States,2020-02-07,0.035,0.0,0.0,0.0,5.56,2.77,0,1,0,0,2,0,0,0,0,0
United States,2020-02-08,0.035,0.0,0.0,0.0,5.56,2.77,0,1,0,0,2,0,0,0,0,0
United States,2020-02-09,0.035,0.0,0.0,0.0,5.56,2.77,0,1,0,0,2,0,0,0,0,0
United States,2020-02-10,0.035,0.0,0.0,0.0,5.56,2.77,0,1,0,0,2,0,0,0,0,0
United States,2020-02-11,0.038,0.003,0.0,0.0,5.56,2.77,0,1,0,0,2,0,0,0,0,0
United States,2020-02-12,0.038,0.0,0.0,0.0,5.56,2.77,0,1,0,0,2,0,0,0,0,0
United States,2020-02-13,0.041,0.003,0.0,0.0,5.56,2.77,0,1,0,0,2,0,0,0,0,0
United States,2020-02-14,0.041,0.0,0.0,0.0,5.56,2.77,0,1,0,0,2,0,0,0,0,0
United States,2020-02-15,0.041,0.0,0.0,0.0,5.56,2.77,0,1,0,0,2,0,0,0,0,0
United States,2020-02-16,0.041,0.0,0.0,0.0,5.56,2.77,0,1,0,0,2,0,0,0,0,0
United States,2020-02-17,0.041,0.0,0.0,0.0,5.56,2.77,0,1,0,0,2,0,0,0,0,0
United States,2020-02-18,0.041,0.0,0.0,0.0,5.56,2.77,0,1,0,0,2,0,0,0,0,0
United States,2020-02-19,0.041,0.0,0.0,0.0,5.56,2.77,0,1,0,0,2,0,0,0,0,0
United States,2020-02-20,0.041,0.0,0.0,0.0,5.56,2.77,0,1,0,0,2,0,0,0,0,0
United States,2020-02-21,0.047,0.006,0.0,0.0,5.56,2.77,0,1,0,0,2,0,0,0,0,0
United States,2020-02-22,0.047,0.0,0.0,0.0,5.56,2.77,0,1,0,0,2,0,0,0,0,0
United States,2020-02-23,0.047,0.0,0.0,0.0,5.56,2.77,0,1,0,0,2,0,0,0,0,0
United States,2020-02-24,0.047,0.0,0.0,0.0,5.56,2.77,0,1,0,0,2,0,0,0,0,0
United States,2020-02-25,0.047,0.0,0.0,0.0,5.56,2.77,0,1,0,0,2,0,0,0,0,0
United States,2020-02-26,0.047,0.0,0.0,0.0,5.56,2.77,0,1,0,0,2,0,0,0,0,0
United States,2020-02-27,0.05,0.003,0.0,0.0,5.56,2.77,0,1,0,0,2,0,0,0,0,0
United States,2020-02-28,0.05,0.0,0.0,0.0,5.56,2.77,1,1,0,0,2,0,0,0,0,0
United States,2020-02-29,0.074,0.024,0.003,0.003,5.56,2.77,1,1,0,0,2,0,0,0,0,0
United States,2020-03-01,0.095,0.021,0.003,0.0,8.33,2.77,1,1,0,0,2,1,0,0,0,0
United States,2020-03-02,0.163,0.068,0.018,0.015,11.11,2.77,1,1,0,0,3,1,0,0,0,0
United States,2020-03-03,0.219,0.056,0.021,0.003,11.11,2.77,1,1,0,0,3,1,0,0,0,0
United States,2020-03-04,0.316,0.098,0.033,0.012,11.11,2.77,2,1,0,0,3,1,0,0,0,0
United States,2020-03-05,0.544,0.228,0.035,0.003,20.37,2.77,2,1,0,0,3,1,0,3,0,0
United States,2020-03-06,0.701,0.157,0.041,0.006,20.37,2.77,2,1,0,0,3,1,0,3,0,0
United States,2020-03-07,1.191,0.491,0.05,0.009,20.37,2.77,2,1,0,0,3,1,0,3,0,0
United States,2020-03-08,1.534,0.343,0.062,0.012,20.37,2.77,2,1,0,0,3,1,0,3,0,0
United States,2020-03-09,1.756,0.222,0.065,0.003,20.37,2.77,2,1,0,0,3,1,0,3,0,0
United States,2020-03-10,2.312,0.556,0.083,0.018,20.37,2.77,2,1,1,0,3,1,0,3,0,0
United States,2020-03-11,3.391,1.079,0.098,0.015,21.76,2.77,2,1,1,0,3,1,1,3,0,0
United States,2020-03-12,4.688,1.298,0.127,0.03,30.09,2.77,2,1,1,0,3,2,2,3,0,0
United States,2020-03-13,6.559,1.871,0.151,0.024,30.09,2.77,2,1,1,0,3,2,2,3,0,0
United States,2020-03-14,8.803,2.244,0.171,0.021,35.65,2.77,3,1,1,1,3,2,2,3,0,0
United States,2020-03-15,9.495,0.692,0.207,0.035,41.2,2.77,3,1,1,1,3,2,2,3,0,2
United States,2020-03-16,13.831,4.337,0.287,0.08,52.31,2.77,3,1,1,1,3,2,2,3,0,2
United States,2020-03-17,19.25,5.418,0.396,0.109,55.09,2.77,3,1,1,1,3,2,2,3,0,2
United States,2020-03-18,27.104,7.854,0.573,0.177,55.09,2.77,3,1,1,1,3,2,2,3,0,2
United States,2020-03-19,40.388,13.284,0.786,0.213,67.13,2.77,3,1,1,2,3,2,2,3,3,2
United States,2020-03-20,59.21,18.821,1.1,0.313,67.13,2.77,3,1,1,2,3,2,2,3,3,2
United States,2020-03-21,76.931,17.721,1.404,0.304,72.69,2.77,3,1,1,2,3,2,4,3,3,2
United States,2020-03-22,103.296,26.365,1.782,0.378,72.69,2.77,3,1,1,2,3,2,4,3,3,2
United States,2020-03-23,136.262,32.966,2.335,0.553,72.69,2.77,3,1,1,2,3,2,4,3,3,2
United States,2020-03-24,167.649,31.387,3.054,0.718,72.69,2.77,3,1,1,2,3,2,4,3,3,2
United States,2020-03-25,203.497,35.848,4.038,0.984,72.69,2.77,3,1,1,2,3,2,4,3,3,2
United States,2020-03-26,256.177,52.68,5.271,1.233,72.69,2.77,3,1,1,2,3,2,4,3,3,2
United States,2020-03-27,311.133,54.956,6.814,1.543,72.69,2.77,3,1,1,2,3,2,4,3,3,2
United States,2020-03-28,376.65,65.518,8.921,2.108,72.69,2.77,3,1,1,2,3,2,4,3,3,2
United States,2020-03-29,424.323,47.672,10.562,1.641,72.69,2.77,3,1,1,2,3,2,4,3,3,2
United States,2020-03-30,489.811,65.488,12.652,2.09,72.69,2.77,3,1,1,2,3,2,4,3,3,2
United States,2020-03-31,567.794,77.983,15.841,3.19,72.69,2.77,3,1,1,2,3,2,4,3,3,2
United States,2020-04-01,673.662,105.868,20.68,4.839,72.69,2.77,3,1,1,2,3,2,4,3,3,2
United States,2020-04-02,769.071,95.409,25.259,4.579,72.69,2.77,3,1,1,2,3,2,4,3,3,2
United States,2020-04-03,864.965,95.894,29.481,4.221,72.69,2.77,3,1,1,2,3,2,4,3,3,2
United States,2020-04-04,958.728,93.763,34.269,4.789,72.69,2.77,3,1,2,2,3,2,4,3,3,2
United States,2020-04-05,1043.788,85.06,39.067,4.798,72.69,2.77,3,1,2,2,3,2,4,3,3,2
United States,2020-04-06,1138.355,94.567,44.279,5.212,72.69,2.77,3,1,3,2,3,2,4,3,3,2
United States,2020-04-07,1227.48,89.125,51.982,7.703,72.69,2.77,3,1,3,2,3,2,4,3,3,2
United States,2020-04-08,1319.839,92.359,58.343,6.361,72.69,2.77,3,1,3,2,3,2,4,3,3,2
United States,2020-04-09,1426.321,106.483,65.012,6.669,72.69,2.77,3,1,3,2,3,2,4,3,3,2
United States,2020-04-10,1527.385,101.064,71.557,6.545,72.69,2.77,3,1,3,2,3,2,4,3,3,2
United States,2020-04-11,1613.049,85.663,77.776,6.22,72.69,2.77,3,1,3,2,3,2,4,3,3,2
United States,2020-04-12,1689.486,76.437,83.343,5.566,72.69,2.77,3,1,3,2,3,2,4,3,3,2
United States,2020-04-13,1770.021,80.534,89.258,5.915,72.69,2.77,3,1,3,2,3,2,4,3,3,2
United States,2020-04-14,1854.259,84.238,96.592,7.334,72.69,2.77,3,1,3,2,3,2,4,3,3,2
United States,2020-04-15,1932.225,77.966,104.348,7.757,72.69,2.77,3,1,3,2,3,2,4,3,3,2
United States,2020-04-16,2019.939,87.715,110.813,6.465,72.69,2.77,3,1,3,2,3,2,4,3,3,2
United States,2020-04-17,2117.926,97.987,117.033,6.22,72.69,2.77,3,1,3,2,3,2,4,3,3,2
United States,2020-04-18,2198.7,80.774,122.776,5.744,72.69,2.77,3,1,3,2,3,2,4,3,3,2
United States,2020-04-19,2272.705,74.005,128.591,5.815,72.69,2.77,3,1,3,2,3,2,4,3,3,2
United States,2020-04-20,2363.317,90.612,135.348,6.758,72.69,2.77,3,1,3,2,3,2,4,3,3,2
United States,2020-04-21,2439.999,76.683,142.597,7.248,72.69,2.77,3,1,3,2,3,2,4,3,3,2
United States,2020-04-22,2528.521,88.522,149.883,7.287,72.69,2.77,3,1,3,2,3,2,4,3,3,2
United States,2020-04-23,2623.262,94.741,157.061,7.177,72.69,2.77,3,1,3,2,3,2,4,3,3,2
United States,2020-04-24,2716.369,93.107,163.162,6.101,72.69,2.77,3,1,3,2,3,2,4,3,3,2
United States,2020-04-25,2806.797,90.428,168.302,5.141,72.69,2.77,3,1,3,2,3,2,4,3,3,2
United States,2020-04-26,2883.255,76.458,172.485,4.183,72.69,2.77,3,1,3,2,3,2,4,3,3,2
United States,2020-04-27,2956.382,73.127,176.881,4.396,72.69,2.77,3,1,3,2,3,2,4,3,3,2
United States,2020-04-28,3028.885,72.503,183.479,6.598,72.69,2.77,3,1,3,2,3,2,4,3,3,2
United States,2020-04-29,3108.104,79.219,190.496,7.018,72.69,2.77,3,1,3,2,3,2,4,3,3,2
United States,2020-04-30,3195.482,87.378,196.976,6.48,72.69,2.77,3,1,3,2,3,2,4,3,3,2
United States,2020-05-01,3298.488,103.006,202.533,5.557,72.69,2.77,3,1,3,2,3,2,4,3,3,2
United States,2020-05-02,3377.145,78.657,207.686,5.152,72.69,2.77,3,1,3,2,3,2,4,3,3,2
United States,2020-05-03,3446.846,69.701,211.242,3.556,72.69,2.77,3,1,3,2,3,2,4,3,3,2
United States,2020-05-04,3517.85,71.004,215.292,4.05,72.69,2.77,3,1,3,2,3,2,4,3,3,2
United States,2020-05-05,3588.949,71.099,221.733,6.441,72.69,2.77,3,1,3,2,3,2,4,3,3,2
United States,2020-05-06,3661.047,72.098,228.594,6.861,72.69,2.77,3,1,3,2,3,2,4,3,3,2
United States,2020-05-07,3742.708,81.661,234.228,5.634,72.69,2.77,3,1,3,2,3,2,4,3,3,2
United States,2020-05-08,3822.926,80.218,239.457,5.229,72.69,2.77,3,1,3,2,3,2,4,3,3,2
United States,2020-05-09,3894.299,71.374,243.806,4.348,72.69,2.77,3,1,3,2,3,2,4,3,3,2
United States,2020-05-10,3949.557,55.257,246.765,2.959,72.69,2.77,3,1,3,2,3,2,4,3,3,2
United States,2020-05-11,4006.484,56.928,249.798,3.033,72.69,2.77,3,1,3,2,3,2,4,3,3,2
United States,2020-05-12,4075.904,69.42,254.504,4.706,72.69,2.77,3,1,3,2,3,2,4,3,3,2
United States,2020-05-13,4135.226,59.322,259.514,5.01,72.69,2.77,3,1,3,2,3,2,4,3,3,2
United States,2020-05-14,4211.723,76.497,264.743,5.229,72.69,2.77,3,1,3,2,3,2,4,3,3,2
United States,2020-05-15,4285.112,73.39,269.556,4.812,72.69,2.77,3,1,3,2,3,2,4,3,3,2
United States,2020-05-16,4355.717,70.605,273.011,3.456,72.69,2.77,3,1,3,2,3,2,4,3,3,2
United States,2020-05-17,4410.78,55.062,275.421,2.409,72.69,2.77,3,1,3,2,3,2,4,3,3,2
United States,2020-05-18,4476.968,66.189,279.033,3.612,72.69,2.77,3,1,3,2,3,2,4,3,3,2
United States,2020-05-19,4537.712,60.744,283.254,4.221,72.69,2.77,3,1,3,2,3,2,4,3,3,2
United States,2020-05-20,4605.222,67.51,287.6,4.345,72.69,2.77,3,1,3,2,3,2,4,3,3,2
United States,2020-05-21,4679.398,74.176,291.094,3.494,72.69,2.77,3,1,3,2,3,2,4,3,3,2
United States,2020-05-22,4749.844,70.446,294.653,3.559,72.69,2.77,3,1,3,2,3,2,4,3,3,2
United States,2020-05-23,4808.625,58.781,297.839,3.187,72.69,2.77,3,1,3,2,3,2,4,3,3,2
United States,2020-05-24,4868.077,59.452,299.728,1.889,72.69,2.77,3,1,3,2,3,2,4,3,3,2
United States,2020-05-25,4924.756,56.679,301.502,1.774,72.69,2.77,3,1,3,2,3,2,4,3,3,2
United States,2020-05-26,4980.01,55.254,303.432,1.93,72.69,2.77,3,1,3,2,3,2,4,3,3,2
United States,2020-05-27,5035.587,55.577,307.724,4.292,72.69,2.77,3,1,3,2,3,2,4,3,3,2
United States,2020-05-28,5098.045,62.458,310.875,3.151,72.69,2.77,3,1,3,2,3,2,4,3,3,2
United States,2020-05-29,5171.287,73.242,314.154,3.278,72.69,2.77,3,1,3,2,3,2,4,3,3,2
United States,2020-05-30,5238.431,67.144,316.956,2.802,72.69,2.77,3,1,3,2,3,2,4,3,3,2
United States,2020-05-31,5293.895,55.464,318.798,1.842,72.69,2.77,3,1,3,2,3,2,4,3,3,2
United States,2020-06-01,5346.669,52.774,321.065,2.267,72.69,2.77,3,1,3,2,3,2,4,3,3,2
United States,2020-06-02,5405.968,59.298,323.935,2.87,72.69,2.77,3,1,3,2,3,2,4,3,3,2
United States,2020-06-03,5462.384,56.416,326.891,2.956,72.69,2.77,3,1,3,2,3,2,4,3,3,2
United States,2020-06-04,5544.582,82.199,329.841,2.95,72.69,2.77,3,1,3,2,3,2,4,3,3,2
United States,2020-06-05,5622.439,77.856,332.413,2.572,72.69,2.77,3,1,3,2,3,2,4,3,3,2
United States,2020-06-06,5682.015,59.576,334.299,1.886,72.69,2.77,3,1,3,2,3,2,4,3,3,2
United States,2020-06-07,5734.656,52.641,335.659,1.36,72.69,2.77,3,1,3,2,3,2,4,3,3,2
United States,2020-06-08,5784.664,50.007,337.143,1.484,72.69,2.77,3,1,3,2,3,2,4,3,3,2
United States,2020-06-09,5844.781,60.117,339.83,2.687,72.69,2.77,3,1,3,2,3,2,4,3,3,2
United States,2020-06-10,5909.151,64.371,342.366,2.536,72.69,2.77,3,1,3,2,3,2,4,3,3,2
United States,2020-06-11,5975.098,65.946,344.764,2.397,72.69,2.77,3,1,3,2,3,2,4,3,3,2
United States,2020-06-12,6050.637,75.539,347.196,2.433,72.69,2.77,3,1,3,2,3,2,4,3,3,2
United States,2020-06-13,6121.963,71.326,349.283,2.087,72.69,2.77,3,1,3,2,3,2,4,3,3,2
United States,2020-06-14,6177.983,56.02,350.312,1.029,72.69,2.77,3,1,3,2,3,2,4,3,3,2
United States,2020-06-15,6240.37,62.387,351.489,1.177,68.98,2.77,3,1,3,2,3,2,4,3,2,2
United States,2020-06-16,6313.204,72.834,353.782,2.294,68.98,2.77,3,1,3,2,3,2,4,3,2,2
United States,2020-06-17,6393.26,80.056,355.973,2.19,68.98,2.77,3,1,3,2,3,2,4,3,2,2
United States,2020-06-18,6476.739,83.479,358.033,2.06,68.98,2.77,3,1,3,2,3,2,4,3,2,2
United States,2020-06-19,6568.335,91.596,359.898,1.865,68.98,2.77,3,1,3,2,3,2,4,3,2,2
United States,2020-06-20,6662.52,94.186,361.563,1.664,68.98,2.77,3,1,3,2,3,2,4,3,2,2
United States,2020-06-21,6738.958,76.437,362.506,0.943,68.98,2.77,3,1,3,2,3,2,4,3,2,2
United States,2020-06-22,6827.615,88.658,363.626,1.12,68.98,2.77,3,1,3,2,3,2,4,3,2,2
United States,2020-06-23,6942.564,114.949,365.784,2.158,68.98,2.77,3,1,3,2,3,2,4,3,2,2
United States,2020-06-24,7049.895,107.331,368.016,2.232,68.98,2.77,3,1,3,2,3,2,4,3,2,2
United States,2020-06-25,7166.221,116.326,369.645,1.629,68.98,2.77,3,1,3,2,3,2,4,3,2,2
United States,2020-06-26,7311.277,145.056,371.504,1.859,68.98,2.77,3,1,3,2,3,2,4,3,2,2
United States,2020-06-27,7431.937,120.66,372.979,1.475,68.98,2.77,3,1,3,2,3,2,4,3,2,2
United States,2020-06-28,7558.79,126.853,373.934,0.955,68.98,2.77,3,1,3,2,3,2,4,3,2,2
United States,2020-06-29,7681.611,122.821,375.03,1.097,68.98,2.77,3,1,3,2,3,2,4,3,2,2
United States,2020-06-30,7829.528,147.918,376.653,1.623,68.98,2.77,3,1,3,2,3,2,4,3,2,2
United States,2020-07-01,7975.356,145.828,378.728,2.075,68.98,2.77,3,1,3,2,3,2,4,3,2,2
United States,2020-07-02,8138.16,162.804,380.922,2.193,68.98,2.77,3,1,3,2,3,2,4,3,2,2
United States,2020-07-03,8290.825,152.665,382.929,2.007,68.98,2.77,3,1,3,2,3,2,4,3,2,2
United States,2020-07-04,8426.847,136.022,383.837,0.908,68.98,2.77,3,1,3,2,3,2,4,3,2,2
United States,2020-07-05,8586.311,159.464,384.791,0.955,68.98,2.77,3,1,3,2,3,2,4,3,2,2
United States,2020-07-06,8715.307,128.996,385.929,1.138,68.98,2.77,3,1,3,2,3,2,4,3,2,2
United States,2020-07-07,8885.049,169.742,389.311,3.382,68.98,2.77,3,1,3,2,3,2,4,3,2,2
United States,2020-07-08,9063.846,178.796,391.8,2.489,68.98,2.77,3,1,3,2,3,2,4,3,2,2
United States,2020-07-09,9240.635,176.789,394.863,3.062,68.98,2.77,3,1,3,2,3,2,4,3,2,2
United States,2020-07-10,9443.836,203.201,397.242,2.38,68.98,2.77,3,1,3,2,3,2,4,3,2,2
United States,2020-07-11,9622.44,178.604,399.468,2.226,68.98,2.77,3,1,3,2,3,2,4,3,2,2
United States,2020-07-12,9800.442,178.001,400.878,1.41,68.98,2.77,3,1,3,2,3,2,4,3,2,2
United States,2020-07-13,9976.696,176.254,402.188,1.31,68.98,2.77,3,1,3,2,3,2,4,3,2,2
United States,2020-07-14,10171.014,194.319,404.833,2.646,68.98,2.77,3,1,3,2,3,2,4,3,2,2
United States,2020-07-15,10366.968,195.953,407.674,2.841,68.98,2.77,3,1,3,2,3,2,4,3,2,2
United States,2020-07-16,10576.134,209.167,410.544,2.87,68.98,2.77,3,1,3,2,3,2,4,3,2,2
United States,2020-07-17,10772.534,196.4,413.273,2.728,68.98,2.77,3,1,3,2,3,2,4,3,2,2
United States,2020-07-18,10962.628,190.094,415.904,2.631,68.98,2.77,3,1,3,2,3,2,4,3,2,2
United States,2020-07-19,11137.0,174.371,417.331,1.428,68.98,2.77,3,1,3,2,3,2,4,3,2,2
United States,2020-07-20,11316.967,179.967,418.901,1.57,67.13,2.77,3,1,3,2,3,2,4,3,2,1
United States,2020-07-21,11518.82,201.854,422.141,3.24,67.13,2.77,3,1,3,2,3,2,4,3,2,1
United States,2020-07-22,11718.196,199.376,425.759,3.618,67.13,2.77,3,1,3,2,3,2,4,3,2,1
United States,2020-07-23,11918.548,200.352,428.94,3.181,67.13,2.77,3,1,3,2,3,2,4,3,2,1
United States,2020-07-24,12140.086,221.538,432.162,3.222,67.13,2.77,3,1,3,2,3,2,4,3,2,1
United States,2020-07-25,12328.519,188.433,435.023,2.861,67.13,2.77,3,1,3,2,3,2,4,3,2,1
United States,2020-07-26,12492.94,164.421,436.617,1.593,67.13,2.77,3,1,3,2,3,2,4,3,2,1
United States,2020-07-27,12670.306,177.366,439.901,3.284,67.13,2.77,3,1,3,2,3,2,4,3,2,1
United States,2020-07-28,12861.128,190.822,443.484,3.583,67.13,2.77,3,1,3,2,3,2,4,3,2,1
United States,2020-07-29,13050.486,189.358,447.723,4.239,67.13,2.77,3,1,3,2,3,2,4,3,2,1
United States,2020-07-30,13255.006,204.52,451.554,3.831,67.13,2.77,3,1,3,2,3,2,4,3,2,1
United States,2020-07-31,13445.278,190.272,455.006,3.453,67.13,2.77,3,1,3,2,3,2,4,3,2,1
United States,2020-08-01,13614.957,169.68,458.305,3.299,67.13,2.77,3,1,3,2,3,2,4,3,2,1
United States,2020-08-02,13753.54,138.582,459.68,1.375,67.13,2.77,3,1,3,2,3,2,4,3,2,1
United States,2020-08-03,13877.434,123.894,461.35,1.67,67.13,2.77,3,1,3,2,3,2,4,3,2,1
United States,2020-08-04,14059.618,182.184,465.048,3.698,67.13,2.77,3,1,3,2,3,2,4,3,2,1
United States,2020-08-05,14219.646,160.028,469.251,4.203,67.13,2.77,3,1,3,2,3,2,4,3,2,1
United States,2020-08-06,14397.162,177.516,472.763,3.512,67.13,2.77,3,1,3,2,3,2,4,3,2,1
United States,2020-08-07,14575.826,178.663,476.582,3.819,67.13,2.77,3,1,3,2,3,2,4,3,2,1
United States,2020-08-08,14764.333,188.507,479.802,3.219,67.13,2.77,3,1,3,2,3,2,4,3,2,1
United States,2020-08-09,14924.435,160.102,481.507,1.706,67.13,2.77,3,1,3,2,3,2,4,3,2,1
United States,2020-08-10,15077.106,152.671,483.059,1.552,67.13,2.77,3,1,3,2,3,2,4,3,2,1
United States,2020-08-11,15245.222,168.116,486.243,3.184,67.13,2.77,3,1,3,2,3,2,4,3,2,1
United States,2020-08-12,15408.479,163.256,490.703,4.461,67.13,2.77,3,1,3,2,3,2,4,3,2,1
United States,2020-08-13,15560.579,152.1,493.76,3.057,67.13,2.77,3,1,3,2,3,2,4,3,2,1
United States,2020-08-14,15767.753,207.174,497.615,3.855,67.13,2.77,3,1,3,2,3,2,4,3,2,1
United States,2020-08-15,15922.405,154.651,500.683,3.068,67.13,2.77,3,1,3,2,3,2,4,3,2,1
United States,2020-08-16,16024.604,102.199,502.501,1.818,67.13,2.77,3,1,3,2,3,2,4,3,2,1
United States,2020-08-17,16136.934,112.33,503.914,1.413,67.13,2.77,3,1,3,2,3,2,4,3,2,1
United States,2020-08-18,16269.929,132.995,507.541,3.627,67.13,2.77,3,1,3,2,3,2,4,3,2,1
United States,2020-08-19,16405.638,135.709,509.566,2.025,67.13,2.77,3,1,3,2,3,2,4,3,2,1
United States,2020-08-20,16539.036,133.397,512.818,3.252,67.13,2.77,3,1,3,2,3,2,4,3,2,1
United States,2020-08-21,16680.654,141.618,516.054,3.237,67.13,2.77,3,1,3,2,3,2,4,3,2,1
United States,2020-08-22,16814.468,133.814,518.878,2.823,67.13,2.77,3,1,3,2,3,2,4,3,2,1
United States,2020-08-23,16908.748,94.28,520.373,1.496,67.13,2.77,3,1,3,2,3,2,4,3,2,1
United States,2020-08-24,17009.523,100.775,521.653,1.28,67.13,2.77,3,1,3,2,3,2,4,3,2,1
United States,2020-08-25,17135.314,125.792,525.268,3.615,67.13,2.77,3,1,3,2,3,2,4,3,2,1
United States,2020-08-26,17260.015,124.701,528.692,3.423,67.13,2.77,3,1,3,2,3,2,4,3,2,1
United States,2020-08-27,17409.085,149.07,531.964,3.272,67.13,2.77,3,1,3,2,3,2,4,3,2,1
United States,2020-08-28,17545.989,136.903,534.689,2.725,67.13,2.77,3,1,3,2,3,2,4,3,2,1
United States,2020-08-29,17673.241,127.252,537.533,2.844,67.13,2.77,3,1,3,2,3,2,4,3,2,1
United States,2020-08-30,17774.216,100.976,538.834,1.301,67.13,2.77,3,1,3,2,3,2,4,3,2,1
United States,2020-08-31,17873.329,99.113,540.259,1.425,67.13,2.77,3,1,3,2,3,2,4,3,2,1
United States,2020-09-01,17997.383,124.053,543.413,3.154,67.13,2.77,3,1,3,2,3,2,4,3,2,1
United States,2020-09-02,18115.938,118.555,546.528,3.116,67.13,2.77,3,1,3,2,3,2,4,3,2,1
United States,2020-09-03,18249.536,133.598,549.549,3.021,67.13,2.77,3,1,3,2,3,2,4,3,2,1
United States,2020-09-04,18393.357,143.82,552.361,2.811,67.13,2.77,3,1,3,2,3,2,4,3,2,1
United States,2020-09-05,18521.084,127.728,554.705,2.344,67.13,2.77,3,1,3,2,3,2,4,3,2,1
United States,2020-09-06,18607.011,85.926,555.994,1.289,67.13,2.77,3,1,3,2,3,2,4,3,2,1
United States,2020-09-07,18680.031,73.02,556.948,0.955,67.13,2.77,3,1,3,2,3,2,4,3,2,1
United States,2020-09-08,18760.125,80.094,558.347,1.398,67.13,2.77,3,1,3,2,3,2,4,3,2,1
United States,2020-09-09,18860.14,100.015,561.598,3.252,67.13,2.77,3,1,3,2,3,2,4,3,2,1
United States,2020-09-10,18977.285,117.145,564.285,2.687,67.13,2.77,3,1,3,2,3,2,4,3,2,1
United States,2020-09-11,19109.775,132.49,567.661,3.376,67.13,2.77,3,1,3,2,3,2,4,3,2,1
United States,2020-09-12,19244.508,134.734,569.84,2.179,62.5,2.77,3,1,3,2,3,2,3,3,2,1
United States,2020-09-13,19363.628,119.12,571.004,1.165,62.5,2.77,3,1,3,2,3,2,3,3,2,1
United States,2020-09-14,19460.926,97.298,572.249,1.244,62.5,2.77,3,1,3,2,3,2,3,3,2,1
United States,2020-09-15,19571.536,110.609,575.77,3.521,62.5,2.77,3,1,3,2,3,2,3,3,2,1
United States,2020-09-16,19684.909,113.373,578.528,2.758,62.5,2.77,3,1,3,2,3,2,3,3,2,1
United States,2020-09-17,19819.229,134.32,581.04,2.513,62.5,2.77,3,1,4,2,3,2,3,3,2,1
United States,2020-09-18,19967.646,148.417,583.872,2.832,62.5,2.77,3,1,4,2,3,2,3,3,2,1
United States,2020-09-19,20102.495,134.849,585.841,1.969,62.5,2.77,3,1,4,2,3,2,3,3,2,1
United States,2020-09-20,20225.416,122.921,586.624,0.783,62.5,2.77,3,1,4,2,3,2,3,3,2,1
United States,2020-09-21,20320.846,95.43,587.842,1.218,62.5,2.77,3,1,4,2,3,2,3,3,2,1
United States,2020-09-22,20434.027,113.181,590.86,3.018,62.5,2.77,3,1,4,2,3,2,3,3,2,1
United States,2020-09-23,20555.869,121.842,593.967,3.107,62.5,2.77,3,1,4,2,3,2,3,3,2,1
United States,2020-09-24,20700.553,144.684,596.592,2.625,62.5,2.77,3,1,4,2,3,2,3,3,2,1
United States,2020-09-25,20839.537,138.984,599.294,2.702,62.5,2.77,3,1,4,2,3,2,3,3,2,1
United States,2020-09-26,20967.96,128.422,601.546,2.253,62.5,2.77,3,1,4,2,3,2,3,3,2,1
United States,2020-09-27,21067.549,99.589,602.445,0.899,62.5,2.77,3,1,4,2,3,2,3,3,2,1
United States,2020-09-28,21180.106,112.557,603.45,1.005,62.5,2.77,3,1,4,2,3,2,3,3,2,1
United States,2020-09-29,21305.043,124.937,606.093,2.643,62.5,2.77,3,1,4,2,3,2,3,3,2,1
United States,2020-09-30,21420.027,114.984,608.768,2.675,62.5,2.77,3,1,4,2,3,2,3,3,2,1
United States,2020-10-01,21557.055,137.027,611.417,2.649,62.5,2.77,3,1,4,2,3,2,3,3,2,1
United States,2020-10-02,21715.268,158.213,613.891,2.474,62.5,2.77,3,1,4,2,3,2,3,3,2,1
United States,2020-10-03,21861.043,145.774,615.877,1.986,62.5,2.77,3,1,4,2,3,2,3,3,2,1
United States,2020-10-04,21959.58,98.537,616.968,1.091,62.5,2.77,3,1,4,2,3,2,3,3,2,1
United States,2020-10-05,22071.832,112.253,618.372,1.404,62.5,2.77,3,1,4,2,3,2,3,3,2,1
United States,2020-10-06,22204.721,132.889,620.406,2.034,62.5,2.77,3,1,4,2,3,2,3,3,2,1
United States,2020-10-07,22351.102,146.38,623.084,2.678,62.5,2.77,3,1,4,2,3,2,3,3,2,1
United States,2020-10-08,22523.108,172.006,625.96,2.876,62.5,2.77,3,1,4,2,3,2,3,3,2,1
United States,2020-10-09,22686.625,163.517,628.804,2.844,62.5,2.77,3,1,4,2,3,2,3,3,2,1
United States,2020-10-10,22849.724,163.1,630.717,1.913,62.5,2.77,3,1,4,2,3,2,3,3,2,1
United States,2020-10-11,22988.129,138.405,632.085,1.369,62.5,2.77,3,1,4,2,3,2,3,3,2,1
United States,2020-10-12,23115.163,127.033,633.253,1.168,62.5,2.77,3,1,4,2,3,2,3,3,2,1
United States,2020-10-13,23264.712,149.549,635.44,2.187,66.2,2.77,3,1,4,2,3,2,3,3,2,2
United States,2020-10-14,23439.37,174.658,638.364,2.924,66.2,2.77,3,1,4,2,3,2,3,3,2,2
United States,2020-10-15,23627.971,188.602,640.847,2.483,66.2,2.77,3,1,4,2,3,2,3,3,2,2
United States,2020-10-16,23835.698,207.727,643.605,2.758,66.2,2.77,3,1,4,2,3,2,3,3,2,2
United States,2020-10-17,23997.551,161.852,645.937,2.332,66.2,2.77,3,1,4,2,3,2,3,3,2,2
United States,2020-10-18,24151.957,154.406,647.362,1.425,66.2,2.77,3,1,4,2,3,2,3,3,2,2
United States,2020-10-19,24355.2,203.243,648.873,1.511,66.2,2.77,3,1,4,2,3,2,3,3,2,2
United States,2020-10-20,24539.926,184.726,651.687,2.814,66.2,2.77,3,1,4,2,3,2,3,3,2,2
United States,2020-10-21,24721.143,181.217,655.139,3.453,66.2,2.77,3,1,4,2,3,2,3,3,2,2
United States,2020-10-22,24958.115,236.971,657.685,2.545,66.2,2.77,3,1,4,2,3,2,3,3,2,2
United States,2020-10-23,25200.691,242.576,660.51,2.826,66.2,2.77,3,1,4,2,3,2,3,3,2,2
United States,2020-10-24,25431.206,230.515,663.384,2.873,66.2,2.77,3,1,4,2,3,2,3,3,2,2
United States,2020-10-25,25609.544,178.338,664.72,1.336,66.2,2.77,3,1,4,2,3,2,3,3,2,2
United States,2020-10-26,25800.336,190.792,666.366,1.647,62.5,2.77,3,1,4,2,3,2,3,3,2,1
United States,2020-10-27,26033.633,233.297,669.387,3.021,62.5,2.77,3,1,4,2,3,2,3,3,2,1
United States,2020-10-28,26294.619,260.986,672.468,3.08,62.5,2.77,3,1,4,2,3,2,3,3,2,1
United States,2020-10-29,26568.606,273.987,675.409,2.941,62.5,2.77,3,1,4,2,3,2,3,3,2,1
United States,2020-10-30,26865.63,297.023,678.575,3.166,62.5,2.77,3,1,4,2,3,2,3,3,2,1
United States,2020-10-31,27121.901,256.271,681.351,2.776,62.5,2.77,3,1,4,2,3,2,3,3,2,1
United States,2020-11-01,27352.65,230.749,682.855,1.505,62.5,2.77,3,1,4,2,3,2,3,3,2,1
United States,2020-11-02,27600.964,248.314,684.623,1.768,62.5,2.77,3,1,4,2,3,2,3,3,2,1
United States,2020-11-03,27975.808,374.844,689.427,4.804,62.5,2.77,3,1,4,2,3,2,3,3,2,1
United States,2020-11-04,28277.567,301.759,692.731,3.305,62.5,2.77,3,1,4,2,3,2,3,3,2,1
United States,2020-11-05,28661.805,384.239,696.252,3.521,62.5,2.77,3,1,4,2,3,2,3,3,2,1
United States,2020-11-06,29043.117,381.312,699.855,3.603,62.5,2.77,3,1,4,2,3,2,3,3,2,1
United States,2020-11-07,29418.754,375.636,703.184,3.329,62.5,2.77,3,1,4,2,3,2,3,3,2,1
United States,2020-11-08,29771.578,352.825,704.884,1.7,62.5,2.77,3,1,4,2,3,2,3,3,2,1
United States,2020-11-09,30125.098,353.519,707.257,2.374,65.28,2.77,3,1,4,2,3,2,3,3,2,1
United States,2020-11-10,30536.742,411.644,711.514,4.257,65.28,2.77,3,1,4,2,3,2,3,3,2,1
United States,2020-11-11,30978.78,442.038,715.836,4.322,65.28,2.77,3,1,4,2,3,2,3,3,2,1
United States,2020-11-12,31450.52,471.74,719.507,3.671,65.28,2.77,3,1,4,2,3,2,3,3,2,1
United States,2020-11-13,31979.067,528.547,723.137,3.63,65.28,2.77,3,1,4,2,3,2,3,3,2,1
United States,2020-11-14,32459.791,480.724,727.184,4.047,65.28,2.77,3,1,4,2,3,2,3,3,2,1
United States,2020-11-15,32869.064,409.273,729.519,2.335,65.28,2.77,3,1,4,2,3,2,3,3,2,1
United States,2020-11-16,33330.095,461.031,732.112,2.592,75.46,2.77,3,1,4,2,3,2,4,3,3,2
United States,2020-11-17,33824.13,494.035,737.273,5.161,75.46,2.77,3,1,4,2,3,2,4,3,3,2
United States,2020-11-18,34336.602,512.472,743.005,5.732,75.46,2.77,3,1,4,2,3,2,4,3,3,2
United States,2020-11-19,34903.698,567.097,748.958,5.953,75.46,2.77,3,1,4,2,3,2,4,3,3,2
United States,2020-11-20,35498.493,594.795,754.799,5.841,75.46,2.77,3,1,4,2,3,2,4,3,3,2
United States,2020-11-21,36022.821,524.328,759.621,4.821,75.46,2.77,3,1,4,2,3,2,4,3,3,2
United States,2020-11-22,36451.98,429.159,762.801,3.181,75.46,2.77,3,1,4,2,3,2,4,3,3,2
United States,2020-11-23,36997.675,545.695,766.171,3.37,75.46,2.77,3,1,4,2,3,2,4,3,3,2
United States,2020-11-24,37514.436,516.761,772.636,6.465,75.46,2.77,3,1,4,2,3,2,4,3,3,2
United States,2020-11-25,38050.307,535.872,779.311,6.675,75.46,2.77,3,1,4,2,3,2,4,3,3,2
United States,2020-11-26,38383.403,333.096,783.429,4.118,75.46,2.77,3,1,4,2,3,2,4,3,3,2
United States,2020-11-27,39019.665,636.262,788.218,4.789,75.46,2.77,3,1,4,2,3,2,4,3,3,2
United States,2020-11-28,39514.173,494.508,792.383,4.165,75.46,2.77,3,1,4,2,3,2,4,3,3,2
United States,2020-11-29,39926.855,412.682,795.481,3.098,75.46,2.77,3,1,4,2,3,2,4,3,3,2
United States,2020-11-30,40396.006,469.151,799.554,4.073,75.46,2.77,3,1,4,2,3,2,4,3,3,2
United States,2020-12-01,40983.363,587.357,807.124,7.57,75.46,2.77,3,1,4,2,3,2,4,3,3,2
United States,2020-12-02,41565.884,582.521,815.333,8.209,71.76,2.77,3,1,4,2,3,2,4,3,2,2
United States,2020-12-03,42214.497,648.612,823.93,8.596,71.76,2.77,3,1,4,2,3,2,4,3,2,2
United States,2020-12-04,42909.894,695.398,831.81,7.881,71.76,2.77,3,1,4,2,3,2,4,3,2,2
United States,2020-12-05,43559.382,649.487,838.884,7.074,71.76,2.77,3,1,4,2,3,2,4,3,2,2
United States,2020-12-06,44085.821,526.439,843.082,4.198,71.76,2.77,3,1,4,2,3,2,4,3,2,2
United States,2020-12-07,44666.781,580.96,847.936,4.854,71.76,2.77,3,1,4,2,3,2,4,3,2,2
United States,2020-12-08,45338.82,672.039,855.621,7.686,71.76,2.77,3,1,4,2,3,2,4,3,2,2
United States,2020-12-09,45976.643,637.823,864.333,8.711,71.76,2.77,3,1,4,2,3,2,4,3,2,2
United States,2020-12-10,46673.451,696.808,872.95,8.617,71.76,2.77,3,1,4,2,3,2,4,3,2,2
United States,2020-12-11,47373.862,700.411,882.808,9.858,71.76,2.77,3,1,4,2,3,2,4,3,2,2
United States,2020-12-12,48031.825,657.962,890.213,7.405,71.76,2.77,3,1,4,2,3,2,4,3,2,2
United States,2020-12-13,48595.321,563.496,894.931,4.718,71.76,2.77,3,1,4,2,3,2,4,3,2,2
United States,2020-12-14,49217.482,622.162,899.944,5.013,71.76,2.77,3,1,4,2,3,2,4,3,2,2
United States,2020-12-15,49889.072,671.59,908.52,8.575,71.76,2.77,3,1,4,2,3,2,4,3,2,2
United States,2020-12-16,50581.478,692.406,919.407,10.887,71.76,2.77,3,1,4,2,3,2,4,3,2,2
United States,2020-12-17,51288.458,706.98,929.511,10.104,71.76,2.77,3,1,4,2,3,2,4,3,2,2
United States,2020-12-18,52017.182,728.724,938.169,8.658,71.76,2.77,3,1,4,2,3,2,4,3,2,2
United States,2020-12-19,52622.763,605.581,946.257,8.088,71.76,2.77,3,1,4,2,3,2,4,3,2,2
United States,2020-12-20,53173.078,550.315,951.279,5.022,71.76,2.77,3,1,4,2,3,2,4,3,2,2
United States,2020-12-21,53757.243,584.165,956.68,5.401,71.76,2.77,3,1,4,2,3,2,4,3,2,2
United States,2020-12-22,54365.434,608.191,966.526,9.847,71.76,2.77,3,1,4,2,3,2,4,3,2,2
United States,2020-12-23,55018.224,652.789,976.314,9.787,71.76,2.77,3,1,4,2,3,2,4,3,2,2
United States,2020-12-24,55643.531,625.307,984.762,8.448,71.76,2.77,3,1,4,2,3,2,4,3,2,2
United States,2020-12-25,56014.562,371.031,989.19,4.428,71.76,2.77,3,1,4,2,3,2,4,3,2,2
United States,2020-12-26,56658.861,644.3,994.842,5.652,71.76,2.77,3,1,4,2,3,2,4,3,2,2
United States,2020-12-27,57061.312,402.451,999.072,4.23,71.76,2.77,3,1,4,2,3,2,4,3,2,2
United States,2020-12-28,57577.978,516.666,1004.686,5.614,71.76,2.77,3,1,4,2,3,2,4,3,2,2
United States,2020-12-29,58188.86,610.881,1015.251,10.565,71.76,2.77,3,1,4,2,3,2,4,3,2,2
United States,2020-12-30,58835.566,646.706,1026.649,11.399,71.76,2.77,3,1,4,2,3,2,4,3,2,2
United States,2020-12-31,59763.113,927.548,1036.256,9.607,71.76,2.77,3,1,4,2,3,2,4,3,2,2
United States,2021-01-01,60288.021,524.908,1042.774,6.518,71.76,2.77,3,1,4,2,3,2,4,3,2,2
United States,2021-01-02,61093.399,805.377,1050.227,7.452,71.76,2.77,3,1,4,2,3,2,4,3,2,2
United States,2021-01-03,61693.96,600.562,1054.442,4.215,71.76,2.77,3,1,4,2,3,2,4,3,2,2
United States,2021-01-04,62246.555,552.594,1060.401,5.959,71.76,2.77,3,1,4,2,3,2,4,3,2,2
United States,2021-01-05,62932.582,686.027,1070.96,10.559,71.76,2.77,3,1,4,2,3,2,4,3,2,2
United States,2021-01-06,63700.787,768.205,1082.412,11.452,71.76,2.77,3,1,4,2,3,2,4,3,2,2
United States,2021-01-07,64543.301,842.514,1094.233,11.821,71.76,2.77,3,1,4,2,3,2,4,3,2,2
United States,2021-01-08,65438.921,895.62,1106.51,12.276,71.76,2.77,3,1,4,2,3,2,4,3,2,2
United States,2021-01-09,66217.38,778.46,1115.975,9.465,71.76,2.77,3,1,4,2,3,2,4,3,2,2
United States,2021-01-10,66837.91,620.53,1122.15,6.175,71.76,2.77,3,1,4,2,3,2,4,3,2,2
United States,2021-01-11,67442.933,605.023,1127.639,5.489,71.76,2.77,3,1,4,2,3,2,4,3,2,2
United States,2021-01-12,68099.955,657.022,1140.566,12.927,71.76,2.77,3,1,4,2,3,2,4,3,2,2
United States,2021-01-13,68776.053,676.098,1152.352,11.786,71.76,2.77,3,1,4,2,3,2,4,3,2,2
United States,2021-01-14,69470.57,694.517,1163.511,11.159,71.76,2.77,3,1,4,2,3,2,4,3,2,2
United States,2021-01-15,70192.977,722.407,1174.791,11.28,71.76,2.77,3,1,4,2,3,2,4,3,2,2
United States,2021-01-16,70834.175,641.199,1185.288,10.497,71.76,2.77,3,1,4,2,3,2,4,3,2,2
United States,2021-01-17,71354.847,520.672,1191.147,5.859,71.76,2.77,3,1,4,2,3,2,4,3,2,2
United States,2021-01-18,71772.454,417.606,1195.821,4.674,71.76,2.77,3,1,4,2,3,2,4,3,2,2
United States,2021-01-19,72236.526,464.072,1202.924,7.103,71.76,2.77,3,1,4,2,3,2,4,3,2,2
United States,2021-01-20,72791.311,554.785,1215.898,12.974,71.76,2.77,3,1,4,2,3,2,4,3,2,2
United States,2021-01-21,73359.069,567.759,1228.027,12.129,71.76,2.77,3,1,4,2,3,2,4,3,2,2
United States,2021-01-22,73925.001,565.932,1239.192,11.165,71.76,2.77,3,1,4,2,3,2,4,3,2,2
United States,2021-01-23,74448.951,523.95,1249.606,10.414,71.76,2.77,3,1,4,2,3,2,4,3,2,2
United States,2021-01-24,74862.147,413.196,1255.004,5.398,71.76,2.77,3,1,4,2,3,2,4,3,2,2
United States,2021-01-25,75246.525,384.377,1260.271,5.268,71.76,2.77,3,1,4,2,3,2,4,3,2,2
United States,2021-01-26,75693.706,447.182,1272.033,11.762,71.76,2.77,3,1,4,2,3,2,4,3,2,2
United States,2021-01-27,76152.496,458.79,1284.047,12.013,71.76,2.77,3,1,4,2,3,2,4,3,2,2
United States,2021-01-28,76645.299,492.802,1295.3,11.254,71.76,2.77,3,1,4,2,3,2,4,3,2,2
United States,2021-01-29,77128.056,482.758,1305.833,10.532,71.76,2.77,3,1,4,2,3,2,4,3,2,2
United States,2021-01-30,77572.551,444.495,1314.278,8.445,71.76,2.77,3,1,4,2,3,2,4,3,2,2
United States,2021-01-31,77905.262,332.712,1319.986,5.708,71.76,2.77,3,1,4,2,3,2,4,3,2,2
United States,2021-02-01,78277.414,372.151,1325.251,5.265,71.76,2.77,3,1,4,2,3,2,4,3,2,2
United States,2021-02-02,78624.66,347.247,1335.704,10.453,71.76,2.77,3,1,4,2,3,2,4,3,2,2
United States,2021-02-03,78992.487,367.827,1347.126,11.422,68.06,2.77,3,1,4,2,3,2,4,2,2,2
United States,2021-02-04,79360.967,368.48,1358.604,11.478,68.06,2.77,3,1,4,2,3,2,4,2,2,2
United States,2021-02-05,79746.515,385.548,1369.426,10.822,68.06,2.77,3,1,4,2,3,2,4,2,2,2
United States,2021-02-06,80090.128,343.614,1377.487,8.061,68.06,2.77,3,1,4,2,3,2,4,2,2,2
United States,2021-02-07,80353.704,263.576,1381.809,4.322,68.06,2.77,3,1,4,2,3,2,4,2,2,2
United States,2021-02-08,80599.656,245.952,1386.095,4.286,68.06,2.77,3,1,4,2,3,2,4,2,2,2
United States,2021-02-09,80882.555,282.899,1395.058,8.963,68.06,2.77,3,1,4,2,3,2,4,2,2,2
United States,2021-02-10,81165.461,282.905,1404.993,9.935,68.06,2.77,3,1,4,2,3,2,4,2,2,2
United States,2021-02-11,81479.298,313.837,1414.332,9.338,68.06,2.77,3,1,4,2,3,2,4,2,2,2
United States,2021-02-12,81773.634,294.336,1422.721,8.389,68.06,2.77,3,1,4,2,3,2,4,2,2,2
United States,2021-02-13,82040.648,267.014,1429.375,6.654,68.06,2.77,3,1,4,2,3,2,4,2,2,2
United States,2021-02-14,82242.221,201.573,1432.777,3.402,68.06,2.77,3,1,4,2,3,2,4,2,2,2
United States,2021-02-15,82408.25,166.029,1435.577,2.799,68.06,2.77,3,1,4,2,3,2,4,2,2,2
United States,2021-02-16,82585.086,176.837,1440.436,4.86,68.06,2.77,3,1,4,2,3,2,4,2,2,2
United States,2021-02-17,82789.027,203.94,1447.552,7.115,68.06,2.77,3,1,4,2,3,2,4,2,2,2
United States,2021-02-18,83002.595,213.568,1455.113,7.562,68.06,2.77,3,1,4,2,3,2,4,2,2,2
United States,2021-02-19,83223.92,221.325,1462.551,7.437,68.06,2.77,3,1,4,2,3,2,4,2,2,2
United States,2021-02-20,83441.299,217.379,1468.211,5.661,68.06,2.77,3,1,4,2,3,2,4,2,2,2
United States,2021-02-21,83604.612,163.313,1471.788,3.577,68.06,2.77,3,1,4,2,3,2,4,2,2,2
United States,2021-02-22,83770.369,165.757,1475.365,3.577,68.06,2.77,3,1,4,2,3,2,4,2,2,2
United States,2021-02-23,83988.587,218.218,1482.04,6.675,68.06,2.77,3,1,4,2,3,2,4,2,2,2
United States,2021-02-24,84210.335,221.748,1491.546,9.507,68.06,2.77,3,1,4,2,3,2,4,2,2,2
United States,2021-02-25,84438.181,227.846,1498.679,7.133,68.06,2.77,3,1,4,2,3,2,4,2,2,2
United States,2021-02-26,84659.713,221.532,1504.979,6.299,68.06,2.77,3,1,4,2,3,2,4,2,2,2
United States,2021-02-27,84869.027,209.315,1509.451,4.472,68.06,2.77,3,1,4,2,3,2,4,2,2,2
United States,2021-02-28,85021.716,152.689,1512.661,3.21,68.06,2.77,3,1,4,2,3,2,4,2,2,2
United States,2021-03-01,85169.976,148.26,1516.554,3.893,68.06,2.77,3,1,4,2,3,2,4,2,2,2
United States,2021-03-02,85343.399,173.422,1522.209,5.655,68.06,2.77,3,1,4,2,3,2,4,2,2,2
United States,2021-03-03,85541.696,198.297,1529.665,7.455,68.06,2.77,3,1,4,2,3,2,4,2,2,2
United States,2021-03-04,85744.126,202.43,1535.352,5.687,64.35,2.77,3,1,4,2,3,2,4,2,2,1
United States,2021-03-05,85942.781,198.655,1540.419,5.067,64.35,2.77,3,1,4,2,3,2,4,2,2,1
United States,2021-03-06,86122.352,179.571,1544.909,4.49,64.35,2.77,3,1,4,2,3,2,4,2,2,1
United States,2021-03-07,86245.146,122.794,1546.984,2.075,64.35,2.77,3,1,4,2,3,2,4,2,2,1
United States,2021-03-08,86377.574,132.428,1549.109,2.125,64.35,2.77,3,1,4,2,3,2,4,2,2,1
United States,2021-03-09,86542.595,165.021,1554.315,5.206,64.35,2.77,3,1,4,2,3,2,4,2,2,1
United States,2021-03-10,86713.212,170.617,1558.855,4.54,64.35,2.77,3,1,4,2,3,2,4,2,2,1
United States,2021-03-11,86895.777,182.565,1563.414,4.558,64.35,2.77,3,1,4,2,3,2,4,2,2,1
United States,2021-03-12,87079.889,184.111,1567.62,4.206,64.35,2.77,3,1,4,2,3,2,4,2,2,1
United States,2021-03-13,87246.213,166.325,1570.479,2.858,64.35,2.77,3,1,4,2,3,2,4,2,2,1
United States,2021-03-14,87360.207,113.994,1572.001,1.522,64.35,2.77,3,1,4,2,3,2,4,2,2,1
United States,2021-03-15,87512.636,152.428,1574.088,2.087,64.35,2.77,3,1,4,2,3,2,4,2,2,1
United States,2021-03-16,87675.44,162.804,1577.786,3.698,64.35,2.77,3,1,4,2,3,2,4,2,2,1
United States,2021-03-17,87852.454,177.014,1581.316,3.53,64.35,2.77,3,1,4,2,3,2,4,2,2,1
United States,2021-03-18,88036.338,183.884,1586.137,4.821,64.35,2.77,3,1,4,2,3,2,4,2,2,1
United States,2021-03-19,88216.396,180.059,1589.161,3.024,64.35,2.77,3,1,4,2,3,2,4,2,2,1
United States,2021-03-20,88388.586,172.19,1591.437,2.276,64.35,2.77,3,1,4,2,3,2,4,2,2,1
United States,2021-03-21,88493.251,104.665,1593.527,2.09,64.35,2.77,3,1,4,2,3,2,4,2,2,1
United States,2021-03-22,88636.427,143.176,1595.165,1.638,64.35,2.77,3,1,4,2,3,2,4,2,2,1
United States,2021-03-23,88792.391,155.964,1597.955,2.791,58.8,2.77,3,1,4,2,3,1,4,2,2,1
United States,2021-03-24,89052.035,259.644,1602.277,4.322,58.8,2.77,3,1,4,2,3,1,4,2,2,1
United States,2021-03-25,89251.237,199.202,1606.253,3.976,58.8,2.77,3,1,4,2,3,1,4,2,2,1
United States,2021-03-26,89476.307,225.07,1609.67,3.417,58.8,2.77,3,1,4,2,3,1,4,2,2,1
United States,2021-03-27,89664.855,188.548,1612.05,2.38,58.8,2.77,3,1,4,2,3,1,4,2,2,1
United States,2021-03-28,89801.933,137.078,1613.356,1.307,58.8,2.77,3,1,4,2,3,1,4,2,2,1
United States,2021-03-29,89999.021,197.088,1615.236,1.88,56.02,2.77,3,1,4,1,3,1,4,2,2,1
United States,2021-03-30,90182.955,183.934,1617.87,2.634,56.02,2.77,3,1,4,1,3,1,4,2,2,1
United States,2021-03-31,90388.134,205.179,1621.036,3.166,56.02,2.77,3,1,4,1,3,1,4,2,2,1
United States,2021-04-01,90615.307,227.172,1624.288,3.252,56.02,2.77,3,1,4,1,3,1,4,2,2,1
United States,2021-04-02,90833.705,218.399,1626.924,2.637,56.02,2.77,3,1,4,1,3,1,4,2,2,1
United States,2021-04-03,91024.358,190.653,1629.159,2.235,56.02,2.77,3,1,4,1,3,1,4,2,2,1
United States,2021-04-04,91136.295,111.937,1630.084,0.925,56.02,2.77,3,1,4,1,3,1,4,2,2,1
United States,2021-04-05,91338.048,201.753,1631.462,1.378,56.02,2.77,3,1,4,1,3,1,4,2,2,1
United States,2021-04-06,91525.428,187.381,1633.921,2.459,56.02,2.77,3,1,4,1,3,1,4,2,2,1
United States,2021-04-07,91749.37,223.941,1641.613,7.692,56.02,2.77,3,1,4,1,3,1,4,2,2,1
United States,2021-04-08,91985.389,236.019,1644.604,2.992,56.02,2.77,3,1,4,1,3,1,4,2,2,1
United States,2021-04-09,92234.932,249.543,1647.274,2.669,56.02,2.77,3,1,4,1,3,1,4,2,2,1
United States,2021-04-10,92442.875,207.943,1649.52,2.247,56.02,2.77,3,1,4,1,3,1,4,2,2,1
United States,2021-04-11,92582.77,139.895,1650.384,0.863,56.02,2.77,3,1,4,1,3,1,4,2,2,1
United States,2021-04-12,92769.678,186.908,1651.723,1.339,56.02,2.77,3,1,4,1,3,1,4,2,2,1
United States,2021-04-13,93008.204,238.526,1654.277,2.554,56.02,2.77,3,1,4,1,3,1,4,2,2,1
United States,2021-04-14,93229.854,221.65,1657.046,2.77,56.02,2.77,3,1,4,1,3,1,4,2,2,1
United States,2021-04-15,93449.255,219.401,1659.728,2.681,56.02,2.77,3,1,4,1,3,1,4,2,2,1
United States,2021-04-16,93693.924,244.669,1662.299,2.572,56.02,2.77,3,1,4,1,3,1,4,2,2,1
United States,2021-04-17,93857.556,163.632,1664.395,2.096,56.02,2.77,3,1,4,1,3,1,4,2,2,1
United States,2021-04-18,93987.09,129.534,1665.43,1.035,56.02,2.77,3,1,4,1,3,1,4,2,2,1
United States,2021-04-19,94164.068,176.978,1666.896,1.466,56.02,2.77,3,1,4,1,3,1,4,2,2,1
United States,2021-04-20,94348.244,184.176,1669.37,2.474,56.02,2.77,3,1,4,1,3,1,4,2,2,1
United States,2021-04-21,94539.533,191.289,1672.025,2.655,56.02,2.77,3,1,4,1,3,1,4,2,2,1
United States,2021-04-22,94735.176,195.643,1674.806,2.782,56.02,2.77,3,1,4,1,3,1,4,2,2,1
United States,2021-04-23,94920.44,185.264,1677.062,2.255,56.02,2.77,3,1,4,1,3,1,4,2,2,1
United States,2021-04-24,95080.915,160.475,1679.279,2.217,56.02,2.77,3,1,4,1,3,1,4,2,2,1
United States,2021-04-25,95182.606,101.691,1680.192,0.913,56.02,2.77,3,1,4,1,3,1,4,2,2,1
United States,2021-04-26,95310.629,128.023,1681.614,1.422,56.02,2.77,3,1,4,1,3,1,4,2,2,1
United States,2021-04-27,95464.406,153.776,1683.583,1.969,56.02,2.77,3,1,4,1,3,1,4,2,2,1
United States,2021-04-28,95629.551,165.145,1686.492,2.909,56.02,2.77,3,1,4,1,3,1,4,2,2,1
United States,2021-04-29,95800.061,170.511,1689.105,2.613,56.02,2.77,3,1,4,1,3,1,4,2,2,1
United States,2021-04-30,95970.732,170.67,1691.481,2.377,56.02,2.77,3,1,4,1,3,1,4,2,2,1
United States,2021-05-01,96113.092,142.36,1693.695,2.214,56.02,2.77,3,1,4,1,3,1,4,2,2,1
United States,2021-05-02,96203.529,90.437,1694.65,0.955,56.02,2.77,3,1,4,1,3,1,4,2,2,1
United States,2021-05-03,96337.731,134.201,1696.087,1.437,56.02,2.77,3,1,4,1,3,1,4,2,2,1
United States,2021-05-04,96464.007,126.276,1698.673,2.587,56.02,2.77,3,1,4,1,3,1,4,2,2,1
United States,2021-05-05,96599.441,135.434,1701.08,2.406,56.02,2.77,3,1,4,1,3,1,4,2,2,1
United States,2021-05-06,96735.212,135.771,1703.433,2.353,56.02,2.77,3,1,4,1,3,1,4,2,2,1
United States,2021-05-07,96877.629,142.416,1705.673,2.241,56.02,2.77,3,1,4,1,3,1,4,2,2,1
United States,2021-05-08,96980.957,103.329,1707.562,1.889,56.02,2.77,3,1,4,1,3,1,4,2,2,1
United States,2021-05-09,97048.163,67.206,1708.34,0.777,54.17,2.77,3,1,4,1,3,1,4,1,2,1
United States,2021-05-10,97145.159,96.997,1709.528,1.188,54.17,2.77,3,1,4,1,3,1,4,1,2,1
United States,2021-05-11,97249.434,104.274,1711.538,2.01,56.94,2.77,3,1,4,2,3,1,4,1,2,1
United States,2021-05-12,97355.778,106.344,1713.802,2.264,56.94,2.77,3,1,4,2,3,1,4,1,2,1
United States,2021-05-13,97467.732,111.954,1716.011,2.208,56.94,2.77,3,1,4,2,3,1,4,1,2,1
United States,2021-05-14,97590.706,122.974,1717.876,1.865,56.94,2.77,3,1,4,2,3,1,4,1,2,1
United States,2021-05-15,97680.768,90.062,1719.425,1.549,56.94,2.77,3,1,4,2,3,1,4,1,2,1
United States,2021-05-16,97732.889,52.121,1720.22,0.795,56.94,2.77,3,1,3,2,3,1,4,1,2,1
United States,2021-05-17,97808.357,75.468,1721.408,1.188,56.94,2.77,3,1,3,2,3,1,4,1,2,1
United States,2021-05-18,97894.106,85.749,1723.717,2.309,56.94,2.77,3,1,3,2,3,1,4,1,2,1
United States,2021-05-19,97980.041,85.935,1725.65,1.933,56.94,2.77,3,1,3,2,3,1,4,1,2,1
United States,2021-05-20,98068.702,88.661,1727.672,2.022,56.94,2.77,3,1,3,2,3,1,4,1,2,1
United States,2021-05-21,98153.472,84.77,1729.452,1.78,56.94,2.77,3,1,3,2,3,1,4,1,2,1
United States,2021-05-22,98215.268,61.796,1730.894,1.443,56.94,2.77,3,1,3,2,3,1,4,1,2,1
United States,2021-05-23,98256.017,40.749,1731.5,0.606,56.02,2.77,3,1,3,2,3,1,4,2,2,1
United States,2021-05-24,98321.553,65.536,1732.804,1.304,56.02,2.77,3,1,3,2,3,1,4,2,2,1
United States,2021-05-25,98391.898,70.345,1734.693,1.889,56.02,2.77,3,1,3,2,3,1,4,2,2,1
United States,2021-05-26,98463.94,72.042,1737.605,2.912,56.02,2.77,3,1,3,2,3,1,4,2,2,1
United States,2021-05-27,98542.378,78.439,1741.595,3.991,56.02,2.77,3,1,3,2,3,1,4,2,2,1
United States,2021-05-28,98607.187,64.808,1743.177,1.581,56.02,2.77,3,1,3,2,3,1,4,2,2,1
United States,2021-05-29,98645.55,38.364,1744.146,0.97,56.02,2.77,3,1,3,2,3,1,4,2,2,1
United States,2021-05-30,98666.846,21.295,1744.584,0.437,56.02,2.77,3,1,3,2,3,1,4,2,2,1
United States,2021-05-31,98685.614,18.768,1745.119,0.535,56.02,2.77,3,1,3,2,3,1,4,2,2,1
United States,2021-06-01,98747.954,62.34,1747.02,1.901,56.02,2.77,3,1,3,2,3,1,4,2,2,1
United States,2021-06-02,98796.983,49.029,1748.675,1.655,56.02,2.77,3,1,3,2,3,1,4,2,2,1
United States,2021-06-03,98850.132,53.15,1750.54,1.865,56.02,2.77,3,1,3,2,3,1,4,2,2,1
United States,2021-06-04,98901.972,51.84,1752.068,1.528,56.02,2.77,3,1,3,2,3,1,4,2,2,1
United States,2021-06-05,98946.774,44.802,1753.795,1.726,56.02,2.77,3,1,3,2,3,1,4,2,2,1
United States,2021-06-06,98964.203,17.429,1754.294,0.5,56.02,2.77,3,1,3,2,3,1,4,2,2,1
United States,2021-06-07,99006.146,41.943,1755.211,0.916,56.02,2.77,3,1,3,2,3,1,4,2,2,1
United States,2021-06-08,99043.966,37.82,1756.121,0.91,56.02,2.77,3,1,3,2,3,1,4,2,2,1
United States,2021-06-09,99097.787,53.821,1757.525,1.404,56.02,2.77,3,1,3,2,3,1,4,2,2,1
United States,2021-06-10,99140.694,42.907,1758.717,1.191,56.02,2.77,3,1,3,2,3,1,4,2,2,1
United States,2021-06-11,99213.164,72.47,1760.272,1.555,56.02,2.77,3,1,3,2,3,1,4,2,2,1
United States,2021-06-12,99239.239,26.075,1761.064,0.792,56.02,2.77,3,1,3,2,3,1,4,2,2,1
United States,2021-06-13,99254.096,14.857,1761.395,0.331,56.02,2.77,3,1,3,2,3,1,4,2,2,1
United States,2021-06-14,99289.285,35.189,1761.954,0.559,58.95,2.77,3,1,3,2,3,2,4,2,2,1
United States,2021-06-15,99320.752,31.467,1762.908,0.955,58.94,2.77,3,1,3,2,3,2,4,2,2,1
United States,2021-06-16,99355.495,34.742,1764.04,1.132,58.93,2.77,3,1,3,2,3,2,4,2,2,1
United States,2021-06-17,99389.545,34.051,1764.924,0.884,58.92,2.77,3,1,3,2,3,2,4,2,2,1
United States,2021-06-18,99451.578,62.033,1766.698,1.774,58.91,2.77,3,1,3,2,3,2,4,2,2,1
United States,2021-06-19,99477.842,26.264,1767.2,0.503,58.9,2.77,3,1,3,2,3,2,4,2,2,1
United States,2021-06-20,99492.401,14.559,1767.434,0.234,58.9,2.77,3,1,3,2,3,2,4,2,2,1
United States,2021-06-21,99524.125,31.724,1768.203,0.769,58.9,2.77,3,1,3,2,3,2,4,2,2,1
United States,2021-06-22,99555.956,31.831,1769.219,1.017,58.89,2.77,3,1,3,2,3,2,4,2,2,1
United States,2021-06-23,99592.901,36.945,1770.361,1.141,58.88,2.77,3,1,3,2,3,2,4,2,2,1
United States,2021-06-24,99634.856,41.955,1771.369,1.008,58.87,2.77,3,1,3,2,3,2,4,2,2,1
United States,2021-06-25,99707.341,72.485,1772.929,1.561,58.87,2.77,3,1,3,2,3,2,4,2,2,1
United States,2021-06-26,99734.12,26.779,1773.405,0.476,58.86,2.77,3,1,3,2,3,2,4,2,2,1
United States,2021-06-27,99747.892,13.772,1773.627,0.222,58.86,2.77,3,1,3,2,3,2,4,2,2,1
United States,2021-06-28,99788.597,40.705,1774.097,0.47,58.85,2.77,3,1,3,2,3,2,4,2,2,1
United States,2021-06-29,99810.844,22.247,1775.069,0.973,58.85,2.77,3,1,3,2,3,2,4,2,2,1
United States,2021-06-30,99856.027,45.183,1775.956,0.887,58.84,2.77,3,1,3,2,3,2,4,2,2,1
United States,2021-07-01,99900.134,44.107,1776.793,0.837,58.84,2.77,3,1,3,2,3,2,4,2,2,1
United States,2021-07-02,99987.686,87.552,1778.076,1.283,58.83,2.77,3,1,3,2,3,2,4,2,2,1
United States,2021-07-03,100003.265,15.578,1778.321,0.245,58.83,2.77,3,1,3,2,3,2,4,2,2,1
United States,2021-07-04,100015.872,12.608,1778.439,0.118,58.83,2.77,3,1,3,2,3,2,4,2,2,1
United States,2021-07-05,100042.953,27.08,1778.797,0.358,58.82,2.77,3,1,3,2,3,2,4,2,2,1
United States,2021-07-06,100109.679,66.727,1779.702,0.905,58.82,2.77,3,1,3,2,3,2,4,2,2,1
United States,2021-07-07,100169.238,59.558,1780.668,0.967,58.81,2.77,3,1,3,2,3,2,4,2,2,1
United States,2021-07-08,100230.954,61.716,1781.407,0.739,46.77,2.77,3,1,3,2,3,1,3,2,1,1
United States,2021-07-09,100369.856,138.902,1782.773,1.366,46.77,2.77,3,1,3,2,3,1,3,2,1,1
United States,2021-07-10,100399.466,29.611,1783.004,0.231,46.76,2.77,3,1,3,2,3,1,3,2,1,1
United States,2021-07-11,100434.232,34.766,1783.361,0.358,46.76,2.77,3,1,3,2,3,1,3,2,1,1
United States,2021-07-12,100521.912,87.679,1784.056,0.695,46.76,2.77,3,1,3,1,3,1,3,2,1,1
United States,2021-07-13,100600.173,78.261,1785.111,1.055,46.75,2.77,3,1,3,1,3,1,3,2,1,1
United States,2021-07-14,100692.248,92.075,1786.078,0.967,46.75,2.77,3,1,3,1,3,1,3,2,1,1
United States,2021-07-15,100786.67,94.422,1787.13,1.052,46.74,2.77,3,1,3,1,3,1,3,2,1,1
United States,2021-07-16,101017.336,230.666,1788.469,1.339,46.74,2.77,3,1,3,1,3,1,3,2,1,1
United States,2021-07-17,101058.916,41.58,1788.682,0.213,46.73,2.77,3,1,3,1,3,1,3,2,1,1
United States,2021-07-18,101119.13,60.215,1788.963,0.281,46.73,2.77,3,1,3,1,3,1,3,2,1,1
United States,2021-07-19,101264.647,145.517,1789.548,0.585,46.73,2.77,3,1,3,1,3,1,3,2,1,1
United States,2021-07-20,101382.558,117.911,1790.405,0.857,46.72,2.77,3,1,3,1,3,1,3,2,1,1
United States,2021-07-21,101524.067,141.509,1791.478,1.073,46.72,2.77,3,1,3,1,3,1,3,2,1,1
United States,2021-07-22,101690.894,166.827,1792.33,0.851,46.72,2.77,3,1,3,1,3,1,3,2,1,1
United States,2021-07-23,102047.999,357.105,1793.962,1.632,46.71,2.77,3,1,3,1,3,1,3,2,1,1
United States,2021-07-24,102134.756,86.757,1794.364,0.402,46.71,2.77,3,1,3,1,3,1,3,2,1,1
United States,2021-07-25,102219.373,84.617,1794.665,0.302,46.71,2.77,3,1,3,1,3,1,3,2,1,1
United States,2021-07-26,102451.585,232.212,1795.404,0.739,46.7,2.77,3,1,2,1,3,1,3,2,1,1
United States,2021-07-27,102643.938,192.353,1796.758,1.354,46.7,2.77,3,1,2,1,3,1,3,2,1,1
United States,2021-07-28,102861.45,217.512,1797.89,1.132,46.69,2.77,3,1,2,1,3,1,3,2,1,1
United States,2021-07-29,103075.355,213.905,1798.83,0.94,46.69,2.77,3,1,2,1,3,1,3,2,1,1
United States,2021-07-30,103640.498,565.143,1801.446,2.616,46.68,2.77,3,1,2,1,3,1,3,2,1,1
United States,2021-07-31,103772.547,132.049,1801.967,0.52,46.68,2.77,3,1,2,1,3,1,3,2,1,1
United States,2021-08-01,103906.684,134.136,1802.655,0.689,46.68,2.77,3,1,2,1,3,1,3,2,1,1
United States,2021-08-02,104224.52,317.837,1803.669,1.014,46.68,2.77,3,1,2,1,3,1,3,2,1,1
United States,2021-08-03,104514.124,289.604,1805.401,1.732,46.67,2.77,3,1,2,1,3,1,3,2,1,1
United States,2021-08-04,104817.139,303.015,1807.015,1.614,46.67,2.77,3,1,2,1,3,1,3,2,1,1
United States,2021-08-05,105141.092,323.953,1808.57,1.555,46.66,2.77,3,1,2,1,3,1,3,2,1,1
United States,2021-08-06,105885.747,744.654,1811.92,3.349,46.66,2.77,3,1,2,1,3,1,3,2,1,1
United States,2021-08-07,106074.582,188.835,1812.706,0.786,46.65,2.77,3,1,2,1,3,1,3,2,1,1
United States,2021-08-08,106180.071,105.489,1813.105,0.399,46.65,2.77,3,1,2,1,3,1,3,2,1,1
United States,2021-08-09,106648.4,468.329,1814.633,1.528,46.65,2.77,3,1,2,1,3,1,3,2,1,1
United States,2021-08-10,106997.784,349.384,1817.093,2.459,49.42,2.77,3,1,2,1,3,1,4,2,1,1
United States,2021-08-11,107454.73,456.945,1819.472,2.38,49.41,2.77,3,1,2,1,3,1,4,2,1,1
United States,2021-08-12,107879.841,425.112,1822.523,3.051,49.41,2.77,3,1,2,1,3,1,4,2,1,1
United States,2021-08-13,108550.405,670.564,1825.653,3.13,52.05,2.77,3,1,2,1,3,1,4,2,1,1
United States,2021-08-14,108769.67,219.265,1826.451,0.798,52.04,2.77,3,1,2,1,3,1,4,2,1,1
United States,2021-08-15,108911.152,141.482,1827.093,0.641,52.04,2.77,3,1,2,1,3,1,4,2,1,1
United States,2021-08-16,109482.727,571.575,1830.17,3.077,53.78,2.77,3,1,2,1,3,1,4,2,1,1
United States,2021-08-17,109929.421,446.694,1833.197,3.027,53.76,2.77,3,1,2,1,3,1,4,2,1,1
United States,2021-08-18,110424.121,494.7,1836.756,3.559,53.74,2.77,3,1,2,1,3,1,4,2,1,1
United States,2021-08-19,110883.13,459.009,1842.039,5.282,53.73,2.77,3,1,2,1,3,1,4,2,1,1
United States,2021-08-20,111590.021,706.891,1846.36,4.322,53.7,2.77,3,1,2,1,3,1,4,2,1,1
United States,2021-08-21,111866.423,276.402,1848.066,1.706,53.69,2.77,3,1,2,1,3,1,4,2,1,1
United States,2021-08-22,112000.503,134.08,1848.716,0.65,53.68,2.77,3,1,2,1,3,1,4,2,1,1
United States,2021-08-23,112609.995,609.492,1852.666,3.949,53.66,2.77,3,1,2,1,3,1,4,2,1,1
United States,2021-08-24,113068.75,458.755,1856.908,4.242,56.61,2.77,3,1,2,1,3,2,4,2,1,1
United States,2021-08-25,113598.496,529.747,1861.498,4.591,56.6,2.77,3,1,2,1,3,2,4,2,1,1
United States,2021-08-26,114141.705,543.209,1868.067,6.568,56.59,2.77,3,1,2,1,3,2,4,2,1,1
United States,2021-08-27,114846.296,704.591,1873.219,5.152,56.58,2.77,3,1,2,1,3,2,4,2,1,1
United States,2021-08-28,115083.179,236.883,1875.146,1.927,56.57,2.77,3,1,2,1,3,2,4,2,1,1
United States,2021-08-29,115240.369,157.191,1876.11,0.964,56.56,2.77,3,1,2,1,3,2,4,2,1,1
United States,2021-08-30,115914.144,673.774,1881.174,5.064,56.55,2.77,3,1,2,1,3,2,4,2,1,1
United States,2021-08-31,116446.14,531.996,1885.442,4.269,56.54,2.77,3,1,2,1,3,2,4,2,1,1
United States,2021-09-01,117009.586,563.446,1891.484,6.042,52.49,2.77,3,1,2,0,3,2,4,2,1,1
United States,2021-09-02,117538.922,529.336,1900.373,8.889,52.48,2.77,3,1,2,0,3,2,4,2,1,1
United States,2021-09-03,118234.329,695.407,1906.108,5.735,52.47,2.77,3,1,2,0,3,2,4,2,1,1
United States,2021-09-04,118492.388,258.06,1908.038,1.93,52.47,2.77,3,1,2,0,3,2,4,2,1,1
United States,2021-09-05,118683.591,191.203,1909.303,1.265,52.46,2.77,3,1,2,0,3,2,4,2,1,1
United States,2021-09-06,118949.603,266.012,1911.101,1.797,52.46,2.77,3,1,2,0,3,2,4,2,1,1
United States,2021-09-07,119570.508,620.905,1917.297,6.196,52.45,2.77,3,1,2,0,3,2,4,2,1,1
United States,2021-09-08,120096.001,525.493,1924.152,6.855,52.44,2.77,3,1,2,0,3,2,4,2,1,1
United States,2021-09-09,120588.65,492.649,1933.694,9.542,52.44,2.77,3,1,2,0,3,2,4,2,1,1
United States,2021-09-10,121303.513,714.863,1940.969,7.275,52.43,2.77,3,1,2,0,3,2,4,2,1,1
United States,2021-09-11,121570.884,267.371,1943.449,2.48,52.42,2.77,3,1,2,0,3,2,4,2,1,1
United States,2021-09-12,121717.416,146.531,1944.572,1.123,52.42,2.77,3,1,2,0,3,2,4,2,1,1
United States,2021-09-13,122331.469,614.053,1950.948,6.376,52.41,2.77,3,1,2,0,3,2,4,2,1,1
United States,2021-09-14,122761.692,430.223,1956.647,5.699,52.4,2.77,3,1,2,0,3,2,4,2,1,1
United States,2021-09-15,123274.32,512.628,1964.744,8.097,52.4,2.77,3,1,2,0,3,2,4,2,1,1
United States,2021-09-16,123743.167,468.846,1975.07,10.325,52.39,2.77,3,1,2,0,3,2,4,2,1,1
United States,2021-09-17,124366.038,622.871,1982.324,7.254,52.38,2.77,3,1,2,0,3,2,4,2,1,1
United States,2021-09-18,124591.442,225.404,1985.309,2.986,52.37,2.77,3,1,2,0,3,2,4,2,1,1
United States,2021-09-19,124727.429,135.987,1986.504,1.194,52.37,2.77,3,1,2,0,3,2,4,2,1,1
United States,2021-09-20,125228.233,500.804,1993.323,6.82,52.36,2.77,3,1,2,0,3,2,4,2,1,1
United States,2021-09-21,125588.339,360.105,2000.557,7.233,52.36,2.77,3,1,2,0,3,2,4,2,1,1
United States,2021-09-22,125977.741,389.403,2008.511,7.955,52.35,2.77,3,1,2,0,3,2,4,2,1,1
United States,2021-09-23,126359.172,381.43,2018.29,9.779,52.34,2.77,3,1,2,0,3,2,4,2,1,1
United States,2021-09-24,126875.43,516.258,2025.633,7.343,52.33,2.77,3,1,2,0,3,2,4,2,1,1
United States,2021-09-25,127058.262,182.831,2028.166,2.533,52.33,2.77,3,1,2,0,3,2,4,2,1,1
United States,2021-09-26,127222.697,164.436,2029.916,1.75,52.33,2.77,3,1,2,0,3,2,4,2,1,1
United States,2021-09-27,127677.736,455.039,2036.594,6.678,52.32,2.77,3,1,2,0,3,2,4,2,1,1
United States,2021-09-28,128012.189,334.453,2044.037,7.443,52.32,2.77,3,1,2,0,3,2,4,2,1,1
United States,2021-09-29,128372.827,360.637,2051.841,7.804,52.31,2.77,3,1,2,0,3,2,4,2,1,1
United States,2021-09-30,128698.252,325.425,2060.195,8.354,52.3,2.77,3,1,2,0,3,2,4,2,1,1
United States,2021-10-01,129156.167,457.915,2066.494,6.299,52.3,2.77,3,1,2,0,3,2,4,2,1,1
United States,2021-10-02,129303.245,147.078,2069.007,2.513,52.29,2.77,3,1,2,0,3,2,4,2,1,1
United States,2021-10-03,129439.897,136.652,2070.612,1.605,52.29,2.77,3,1,2,0,3,2,4,2,1,1
United States,2021-10-04,129855.508,415.611,2076.323,5.711,52.28,2.77,3,1,2,0,3,2,4,2,1,1
United States,2021-10-05,130137.751,282.243,2081.922,5.599,52.28,2.77,3,1,2,0,3,2,4,2,1,1
United States,2021-10-06,130471.352,333.601,2089.785,7.863,52.27,2.77,3,1,2,0,3,2,4,2,1,1
United States,2021-10-07,130770.007,298.655,2097.095,7.31,52.27,2.77,3,1,2,0,3,2,4,2,1,1
United States,2021-10-08,131156.156,386.148,2102.428,5.333,52.26,2.77,3,1,2,0,3,2,4,2,1,1
United States,2021-10-09,131275.329,119.173,2103.764,1.336,52.26,2.77,3,1,2,0,3,2,4,2,1,1
United States,2021-10-10,131396.506,121.177,2105.224,1.46,52.26,2.77,3,1,2,0,3,2,4,2,1,1
United States,2021-10-11,131671.019,274.513,2108.712,3.488,52.25,2.77,3,1,2,0,3,2,4,2,1,1
United States,2021-10-12,131998.974,327.955,2115.479,6.766,52.25,2.77,3,1,2,0,3,2,4,2,1,1
United States,2021-10-13,132319.445,320.471,2124.906,9.427,52.24,2.77,3,1,2,0,3,2,4,2,1,1
United States,2021-10-14,132574.028,254.583,2131.382,6.477,52.24,2.77,3,1,2,0,3,2,4,2,1,1
United States,2021-10-15,132895.785,321.757,2136.771,5.389,52.23,2.77,3,1,2,0,3,2,4,2,1,1
United States,2021-10-16,133018.012,122.227,2138.533,1.762,52.23,2.77,3,1,2,0,3,2,4,2,1,1
United States,2021-10-17,133116.07,98.058,2139.952,1.419,52.23,2.77,3,1,2,0,3,2,4,2,1,1
United States,2021-10-18,133401.774,285.705,2145.175,5.223,52.23,2.77,3,1,2,0,3,2,4,2,1,1
United States,2021-10-19,133645.944,244.169,2150.987,5.812,52.22,2.77,3,1,2,0,3,2,4,2,1,1
United States,2021-10-20,133918.84,272.896,2160.414,9.427,52.22,2.77,3,1,2,0,3,2,4,2,1,1
United States,2021-10-21,134147.256,228.417,2166.373,5.959,52.21,2.77,3,1,2,0,3,2,4,2,1,1
United States,2021-10-22,134430.939,283.683,2171.904,5.531,52.21,2.77,3,1,2,0,3,2,4,2,1,1
United States,2021-10-23,134532.26,101.321,2173.6,1.697,52.21,2.77,3,1,2,0,3,2,4,2,1,1
United States,2021-10-24,134594.195,61.935,2174.428,0.828,52.21,2.77,3,1,2,0,3,2,4,2,1,1
United States,2021-10-25,134917.847,323.651,2178.765,4.337,52.2,2.77,3,1,2,0,3,2,4,2,1,1
United States,2021-10-26,135117.735,199.888,2183.515,4.75,52.2,2.77,3,1,2,0,3,2,4,2,1,1
United States,2021-10-27,135420.815,303.08,2189.607,6.092,52.19,2.77,3,1,2,0,3,2,4,2,1,1
United States,2021-10-28,135641.114,220.299,2195.094,5.486,52.19,2.77,3,1,2,0,3,2,4,2,1,1
United States,2021-10-29,135921.454,280.339,2200.217,5.123,52.18,2.77,3,1,2,0,3,2,4,2,1,1
United States,2021-10-30,136028.625,107.171,2201.399,1.182,52.18,2.77,3,1,2,0,3,2,4,2,1,1
United States,2021-10-31,136129.145,100.52,2202.162,0.763,52.18,2.77,3,1,2,0,3,2,4,2,1,1
United States,2021-11-01,136453.879,324.733,2205.866,3.704,52.18,2.77,3,1,2,0,3,2,4,2,1,1
United States,2021-11-02,136660.885,207.006,2209.679,3.813,52.17,2.77,3,1,2,0,3,2,4,2,1,1
United States,2021-11-03,136917.366,256.481,2215.559,5.88,52.17,2.77,3,1,2,0,3,2,4,2,1,1
United States,2021-11-04,137157.518,240.152,2219.112,3.553,52.17,2.77,3,1,2,0,3,2,4,2,1,1
United States,2021-11-05,137444.65,287.132,2225.387,6.276,52.16,2.77,3,1,2,0,3,2,4,2,1,1
United States,2021-11-06,137554.793,110.142,2226.883,1.496,52.16,2.77,3,1,2,0,3,2,4,2,1,1
United States,2021-11-07,137669.99,115.197,2227.566,0.683,52.16,2.77,3,1,2,0,3,2,4,2,1,1
United States,2021-11-08,137987.262,317.272,2231.152,3.586,49.96,2.77,3,1,2,0,1,2,4,2,1,1
United States,2021-11-09,138223.474,236.212,2235.444,4.292,49.95,2.77,3,1,2,0,1,2,4,2,1,1
United States,2021-11-10,138505.019,281.546,2240.457,5.013,49.94,2.77,3,1,2,0,1,2,4,2,1,1
United States,2021-11-11,138675.104,170.085,2243.121,2.663,49.94,2.77,3,1,2,0,1,2,4,2,1,1
United States,2021-11-12,139101.162,426.058,2250.369,7.248,49.93,2.77,3,1,2,0,1,2,4,2,1,1
United States,2021-11-13,139237.636,136.475,2252.14,1.771,49.92,2.77,3,1,2,0,1,2,4,2,1,1
United States,2021-11-14,139337.761,100.124,2252.82,0.68,49.92,2.77,3,1,2,0,1,2,4,2,1,1
United States,2021-11-15,139725.186,387.425,2256.618,3.799,49.91,2.77,3,1,2,0,1,2,4,2,1,1
United States,2021-11-16,139985.273,260.088,2260.526,3.908,51.57,2.77,3,1,2,1,1,2,4,2,1,1
United States,2021-11-17,140317.917,332.644,2265.454,4.928,51.57,2.77,3,1,2,1,1,2,4,2,1,1
United States,2021-11-18,140638.754,320.837,2269.403,3.949,51.56,2.77,3,1,2,1,1,2,4,2,1,1
United States,2021-11-19,141012.005,373.251,2274.632,5.229,51.55,2.77,3,1,2,1,1,2,4,2,1,1
United States,2021-11-20,141151.489,139.484,2276.036,1.404,51.55,2.77,3,1,2,1,1,2,4,2,1,1
United States,2021-11-21,141274.15,122.661,2276.769,0.733,51.55,2.77,3,1,2,1,1,2,4,2,1,1
United States,2021-11-22,141690.879,416.728,2280.464,3.695,51.54,2.77,3,1,2,1,1,2,4,2,1,1
United States,2021-11-23,141961.768,270.889,2284.485,4.02,51.54,2.77,3,1,2,1,1,2,4,2,1,1
United States,2021-11-24,142290.932,329.164,2289.507,5.022,51.53,2.77,3,1,2,1,1,2,4,2,1,1
United States,2021-11-25,142401.394,110.461,2290.941,1.434,51.53,2.77,3,1,2,1,1,2,4,2,1,1
United States,2021-11-26,142563.042,161.648,2292.091,1.15,51.52,2.77,3,1,2,1,1,2,4,2,1,1
United States,2021-11-27,142646.979,83.937,2293.09,0.999,54.87,2.77,3,1,2,1,3,2,4,2,1,1
United States,2021-11-28,142780.238,133.259,2293.909,0.819,54.87,2.77,3,1,2,1,3,2,4,2,1,1
United States,2021-11-29,143327.617,547.38,2299.578,5.67,54.86,2.77,3,1,2,1,3,2,4,2,1,1
United States,2021-11-30,143674.805,347.187,2304.441,4.863,48.7,2.77,3,1,2,1,3,1,3,2,1,1
United States,2021-12-01,144079.608,404.804,2310.362,5.921,48.69,2.77,3,1,2,1,3,1,3,2,1,1
United States,2021-12-02,144488.119,408.511,2321.849,11.487,48.67,2.77,3,1,2,1,3,1,3,2,1,1
United States,2021-12-03,144954.994,466.875,2326.611,4.762,48.66,2.77,3,1,2,1,3,1,3,2,1,1
United States,2021-12-04,145155.76,200.766,2328.678,2.066,48.64,2.77,3,1,2,1,3,1,3,2,1,1
United States,2021-12-05,145322.649,166.889,2329.895,1.218,48.63,2.77,3,1,2,1,3,1,3,2,1,1
United States,2021-12-06,145840.17,517.521,2334.12,4.224,48.62,2.77,3,1,2,1,3,1,3,2,1,1
United States,2021-12-07,146172.187,332.017,2338.604,4.484,48.61,2.77,3,1,2,1,3,1,3,2,1,1
United States,2021-12-08,146613.852,441.666,2343.993,5.389,48.59,2.77,3,1,2,1,3,1,3,2,1,1
United States,2021-12-09,146979.74,365.887,2348.581,4.588,48.58,2.77,3,1,2,1,3,1,3,2,1,1
United States,2021-12-10,147445.326,465.586,2353.763,5.182,48.57,2.77,3,1,2,1,3,1,3,2,1,1
United States,2021-12-11,147615.662,170.336,2355.607,1.845,48.56,2.77,3,1,2,1,3,1,3,2,1,1
United States,2021-12-12,147773.45,157.788,2356.701,1.094,48.55,2.77,3,1,2,1,3,1,3,2,1,1
United States,2021-12-13,148315.535,542.085,2360.822,4.121,48.54,2.77,3,1,2,1,3,1,3,2,1,1
United States,2021-12-14,148650.216,334.68,2365.306,4.484,48.53,2.77,3,1,2,1,3,1,3,2,1,1
United States,2021-12-15,149080.953,430.737,2371.916,6.61,48.52,2.77,3,1,2,1,3,1,3,2,1,1
United States,2021-12-16,149500.749,419.797,2375.667,3.751,48.51,2.77,3,1,2,1,3,1,3,2,1,1
United States,2021-12-17,150070.113,569.364,2381.177,5.51,48.5,2.77,3,1,2,1,3,1,3,2,1,1
United States,2021-12-18,150311.167,241.054,2383.184,2.007,48.5,2.77,3,1,2,1,3,1,3,2,1,1
United States,2021-12-19,150579.886,268.719,2384.13,0.946,48.5,2.77,3,1,2,1,3,1,3,2,1,1
United States,2021-12-20,151292.994,713.107,2388.718,4.588,48.49,2.77,3,1,2,1,3,1,3,2,1,1
United States,2021-12-21,151831.422,538.429,2394.376,5.658,48.48,2.77,3,1,2,1,3,1,3,2,1,1
United States,2021-12-22,152564.483,733.061,2406.753,12.377,48.47,2.77,3,1,2,1,3,1,3,2,1,1
United States,2021-12-23,153374.862,810.379,2410.912,4.159,48.46,2.77,3,1,2,1,3,1,3,2,1,1
United States,2021-12-24,154108.588,733.726,2412.948,2.037,48.46,2.77,3,1,2,1,3,1,3,2,1,1
United States,2021-12-25,154369.571,260.983,2413.664,0.715,48.46,2.77,3,1,2,1,3,1,3,2,1,1
United States,2021-12-26,154913.25,543.679,2414.758,1.094,48.46,2.77,3,1,2,1,3,1,3,2,1,1
United States,2021-12-27,156409.183,1495.933,2420.214,5.457,51.23,2.77,3,1,2,1,3,1,4,2,1,1
United States,2021-12-28,157509.133,1099.95,2426.987,6.772,51.22,2.77,3,1,2,1,3,1,4,2,1,1
United States,2021-12-29,159020.985,1511.851,2433.987,7.0,51.21,2.77,3,1,2,1,3,1,4,2,1,1
United States,2021-12-30,160787.156,1766.172,2438.391,4.405,51.2,2.77,3,1,2,1,3,1,4,2,1,1
United States,2021-12-31,162300.447,1513.291,2440.552,2.161,47.69,2.77,3,1,2,1,1,1,4,2,1,1
United States,2022-01-01,162868.398,567.951,2441.737,1.185,47.69,2.77,3,1,2,1,1,1,4,2,1,1
United States,2022-01-02,163744.342,875.944,2442.938,1.2,47.69,2.77,3,1,2,1,1,1,4,2,1,1
United States,2022-01-03,166828.283,3083.941,2448.566,5.628,47.68,2.77,3,1,2,1,1,1,4,2,1,1
United States,2022-01-04,169276.243,2447.96,2455.456,6.891,47.66,2.77,3,1,2,1,1,1,4,2,1,1
United States,2022-01-05,171275.183,1998.94,2462.051,6.595,47.65,2.77,3,1,2,1,1,1,4,2,1,1
United States,2022-01-06,173768.684,2493.501,2468.244,6.193,47.64,2.77,3,1,2,1,1,1,4,2,1,1
United States,2022-01-07,176368.717,2600.034,2475.451,7.207,47.63,2.77,3,1,2,1,1,1,4,2,1,1
United States,2022-01-08,177574.092,1205.375,2478.026,2.575,47.62,2.77,3,1,2,1,1,1,4,2,1,1
United States,2022-01-09,179032.374,1458.282,2479.856,1.83,47.61,2.77,3,1,2,1,1,1,4,2,1,1
United States,2022-01-10,183038.453,4006.079,2485.927,6.072,47.6,2.77,3,1,2,1,1,1,4,2,1,1
United States,2022-01-11,185359.655,2321.202,2493.382,7.455,47.59,2.77,3,1,2,1,1,1,4,2,1,1
United States,2022-01-12,187885.465,2525.81,2501.804,8.422,47.58,2.77,3,1,2,1,1,1,4,2,1,1
United States,2022-01-13,190439.934,2554.469,2509.372,7.567,47.57,2.77,3,1,2,1,1,1,4,2,1,1
United States,2022-01-14,193040.447,2600.513,2517.637,8.265,47.56,2.77,3,1,2,1,1,1,4,2,1,1
United States,2022-01-15,194270.478,1230.031,2520.617,2.98,47.56,2.77,3,1,2,1,1,1,4,2,1,1
United States,2022-01-16,195707.42,1436.942,2522.869,2.253,47.56,2.77,3,1,2,1,1,1,4,2,1,1
United States,2022-01-17,197656.527,1949.107,2525.931,3.062,47.55,2.77,3,1,2,1,1,1,4,2,1,1
United States,2022-01-18,201004.996,3348.469,2534.028,8.097,47.54,2.77,3,1,2,1,1,1,4,2,1,1
United States,2022-01-19,203697.645,2692.649,2544.315,10.287,45.75,2.77,3,1,2,0,1,1,4,2,1,1
United States,2022-01-20,205853.282,2155.637,2552.979,8.664,45.74,2.77,3,1,2,0,1,1,4,2,1,1
United States,2022-01-21,208298.087,2444.806,2563.0,10.021,45.73,2.77,3,1,2,0,1,1,4,2,1,1
United States,2022-01-22,209208.842,910.754,2566.045,3.045,45.73,2.77,3,1,2,0,1,1,4,2,1,1
United States,2022-01-23,210302.747,1093.905,2568.224,2.179,45.72,2.77,3,1,2,0,1,1,4,2,1,1
United States,2022-01-24,212994.394,2691.647,2574.668,6.444,45.71,2.77,3,1,2,0,1,1,4,2,1,1
United States,2022-01-25,214449.927,1455.533,2583.997,9.329,45.7,2.77,3,1,2,0,1,1,4,2,1,1
United States,2022-01-26,216452.846,2002.918,2595.428,11.431,45.69,2.77,3,1,2,0,1,1,4,2,1,1
United States,2022-01-27,217939.571,1486.725,2603.176,7.748,45.68,2.77,3,1,2,0,1,1,4,2,1,1
United States,2022-01-28,219751.96,1812.39,2615.269,12.093,45.67,2.77,3,1,2,0,1,1,4,2,1,1
United States,2022-01-29,220288.861,536.901,2618.846,3.577,45.66,2.77,3,1,2,0,1,1,4,2,1,1
United States,2022-01-30,220881.498,592.637,2620.28,1.434,45.66,2.77,3,1,2,0,1,1,4,2,1,1
United States,2022-01-31,222467.628,1586.131,2627.986,7.706,45.65,2.77,3,1,2,0,1,1,4,2,1,1
United States,2022-02-01,223432.159,964.531,2637.909,9.923,45.64,2.77,3,1,2,0,1,1,4,2,1,1
United States,2022-02-02,224400.971,968.811,2648.516,10.606,45.63,2.77,3,1,2,0,1,1,4,2,1,1
United States,2022-02-03,225208.804,807.834,2655.853,7.337,45.62,2.77,3,1,2,0,1,1,4,2,1,1
United States,2022-02-04,226258.354,1049.55,2668.037,12.185,45.61,2.77,3,1,2,0,1,1,4,2,1,1
United States,2022-02-05,226518.294,259.94,2670.772,2.734,45.6,2.77,3,1,2,0,1,1,4,2,1,1
United States,2022-02-06,226768.842,250.548,2672.149,1.378,45.59,2.77,3,1,2,0,1,1,4,2,1,1
United States,2022-02-07,227783.957,1015.115,2680.689,8.54,45.59,2.77,3,1,2,0,1,1,4,2,1,1
United States,2022-02-08,228415.865,631.908,2689.56,8.871,45.58,2.77,3,1,2,0,1,1,4,2,1,1
United States,2022-02-09,228970.037,554.173,2699.422,9.861,45.57,2.77,3,1,2,0,1,1,4,2,1,1
United States,2022-02-10,229473.623,503.586,2709.032,9.61,45.56,2.77,3,1,2,0,1,1,4,2,1,1
United States,2022-02-11,230089.835,616.211,2717.019,7.987,45.55,2.77,3,1,2,0,1,1,4,2,1,1
United States,2022-02-12,230245.423,155.588,2719.449,2.43,45.54,2.77,3,1,2,0,1,1,4,2,1,1
United States,2022-02-13,230420.037,174.614,2721.169,1.72,45.54,2.77,3,1,2,0,1,1,4,2,1,1
United States,2022-02-14,230915.467,495.43,2730.576,9.406,45.53,2.77,3,1,2,0,1,1,4,2,1,1
United States,2022-02-15,231242.074,326.607,2738.282,7.706,45.53,2.77,3,1,2,0,1,1,4,2,1,1
United States,2022-02-16,231578.845,336.77,2747.691,9.409,45.52,2.77,3,1,2,0,1,1,4,2,1,1
United States,2022-02-17,231876.536,297.691,2756.417,8.726,45.51,2.77,3,1,2,0,1,1,4,2,1,1
United States,2022-02-18,232302.186,425.65,2763.816,7.399,45.5,2.77,3,1,2,0,1,1,4,2,1,1
United States,2022-02-19,232396.711,94.525,2765.844,2.028,45.5,2.77,3,1,2,0,1,1,4,2,1,1
United States,2022-02-20,232466.196,69.485,2767.162,1.318,45.5,2.77,3,1,2,0,1,1,4,2,1,1
United States,2022-02-21,232702.328,236.132,2769.87,2.708,45.49,2.77,3,1,2,0,1,1,4,2,1,1
United States,2022-02-22,232965.951,263.623,2776.294,6.423,45.48,2.77,3,1,2,0,1,1,4,2,1,1
United States,2022-02-23,233214.649,248.698,2785.434,9.14,45.48,2.77,3,1,2,0,1,1,4,2,1,1
United States,2022-02-24,233411.128,196.479,2794.169,8.735,45.47,2.77,3,1,2,0,1,1,4,2,1,1
United States,2022-02-25,233628.962,217.834,2800.32,6.152,45.47,2.77,3,1,2,0,1,1,4,2,1,1
United States,2022-02-26,233770.019,141.057,2802.573,2.253,45.46,2.77,3,1,2,0,1,1,4,2,1,1
United States,2022-02-27,233824.75,54.731,2803.238,0.665,45.46,2.77,3,1,2,0,1,1,4,2,1,1
United States,2022-02-28,234111.188,286.438,2809.57,6.332,37.16,2.77,3,1,2,0,1,1,0,2,1,1
United States,2022-03-01,234248.372,137.184,2814.796,5.226,37.16,2.77,3,1,2,0,1,1,0,2,1,1
United States,2022-03-02,234405.267,156.895,2820.98,6.184,37.15,2.77,3,1,2,0,1,1,0,2,1,1
United States,2022-03-03,234548.511,143.244,2826.029,5.049,34.72,2.77,3,1,2,0,1,1,0,1,1,1
United States,2022-03-04,234698.391,149.88,2831.167,5.138,34.71,2.77,3,1,2,0,1,1,0,1,1,1
United States,2022-03-05,234743.341,44.95,2832.08,0.913,34.71,2.77,3,1,2,0,1,1,0,1,1,1
United States,2022-03-06,234780.596,37.255,2832.713,0.633,34.71,2.77,3,1,2,0,1,1,0,1,1,1
United States,2022-03-07,234962.496,181.9,2837.732,5.019,34.7,2.77,3,1,2,0,1,1,0,1,1,1
United States,2022-03-08,235049.584,87.088,2841.927,4.195,34.7,2.77,3,1,2,0,1,1,0,1,1,1
United States,2022-03-09,235159.05,109.465,2847.91,5.983,34.69,2.77,3,1,2,0,1,1,0,1,1,1
United States,2022-03-10,235294.348,135.298,2853.148,5.238,34.69,2.77,3,1,2,0,1,1,0,1,1,1
United States,2022-03-11,235438.765,144.418,2858.055,4.907,34.68,2.77,3,1,2,0,1,1,0,1,1,1
United States,2022-03-12,235469.712,30.947,2858.88,0.825,34.68,2.77,3,1,2,0,1,1,0,1,1,1
United States,2022-03-13,235503.05,33.338,2859.45,0.571,34.68,2.77,3,1,2,0,1,1,0,1,1,1
United States,2022-03-14,235605.129,102.078,2863.329,3.878,34.67,2.77,3,1,2,0,1,1,0,1,1,1
United States,2022-03-15,235674.61,69.482,2866.527,3.198,34.67,2.77,3,1,2,0,1,1,0,1,1,1
United States,2022-03-16,235826.119,151.509,2871.993,5.466,38.4,2.77,3,1,2,1,1,1,0,1,1,1
United States,2022-03-17,235979.911,153.791,2876.418,4.425,38.39,2.77,3,1,2,1,1,1,0,1,1,1
United States,2022-03-18,236073.676,93.766,2878.83,2.412,38.39,2.77,3,1,2,1,1,1,0,1,1,1
United States,2022-03-19,236106.494,32.818,2879.673,0.842,38.38,2.77,3,1,2,1,1,1,0,1,1,1
United States,2022-03-20,236140.941,34.447,2879.933,0.26,38.38,2.77,3,1,2,1,1,1,0,1,1,1
United States,2022-03-21,236263.528,122.587,2883.728,3.796,38.38,2.77,3,1,2,1,1,1,0,1,1,1
United States,2022-03-22,236326.273,62.745,2886.019,2.291,38.37,2.77,3,1,2,1,1,1,0,1,1,1
United States,2022-03-23,236444.311,118.038,2890.867,4.848,38.37,2.77,3,1,2,1,1,1,0,1,1,1
United States,2022-03-24,236568.764,124.452,2893.427,2.56,38.36,2.77,3,1,2,1,1,1,0,1,1,1
United States,2022-03-25,236700.133,131.37,2895.26,1.833,38.36,2.77,3,1,2,1,1,1,0,1,1,1
United States,2022-03-26,236728.766,28.632,2895.706,0.446,38.35,2.77,3,1,2,1,1,1,0,1,1,1
United States,2022-03-27,236764.297,35.532,2895.886,0.18,38.35,2.77,3,1,2,1,1,1,0,1,1,1
United States,2022-03-28,236875.764,111.467,2898.899,3.012,38.35,2.77,3,1,2,1,1,1,0,1,1,1
United States,2022-03-29,236944.468,68.704,2901.819,2.921,38.35,2.77,3,1,2,1,1,1,0,1,1,1
United States,2022-03-30,237057.2,112.732,2905.275,3.456,29.93,2.77,3,1,2,0,1,1,0,1,1,0
United States,2022-03-31,237188.726,131.526,2906.806,1.531,29.92,2.77,3,1,2,0,1,1,0,1,1,0
United States,2022-04-01,237280.825,92.099,2909.26,2.454,29.92,2.77,3,1,2,0,1,1,0,1,1,0
United States,2022-04-02,237316.368,35.543,2909.727,0.467,29.92,2.77,3,1,2,0,1,1,0,1,1,0
United States,2022-04-03,237331.113,14.745,2909.904,0.177,29.92,2.77,3,1,2,0,1,1,0,1,1,0
United States,2022-04-04,237443.815,112.702,2911.66,1.756,29.91,2.77,3,1,2,0,1,1,0,1,1,0
United States,2022-04-05,237517.633,73.818,2913.173,1.513,29.91,2.77,3,1,2,0,1,1,0,1,1,0
United States,2022-04-06,237635.653,118.02,2916.508,3.334,29.9,2.77,3,1,2,0,1,1,0,1,1,0
United States,2022-04-07,237782.507,146.853,2918.976,2.468,29.9,2.77,3,1,2,0,1,1,0,1,1,0
United States,2022-04-08,237998.86,216.353,2920.868,1.892,29.9,2.77,3,1,2,0,1,1,0,1,1,0
United States,2022-04-09,238037.451,38.591,2921.297,0.429,29.89,2.77,3,1,2,0,1,1,0,1,1,0
United States,2022-04-10,238066.462,29.011,2921.385,0.089,29.89,2.77,3,1,2,0,1,1,0,1,1,0
United States,2022-04-11,238179.164,112.702,2922.376,0.99,29.89,2.77,3,1,2,0,1,1,0,1,1,0
United States,2022-04-12,238283.287,104.124,2924.131,1.756,29.88,2.77,3,1,2,0,1,1,0,1,1,0
United States,2022-04-13,238449.048,165.76,2926.943,2.811,29.88,2.77,3,1,2,0,1,1,0,1,1,0
United States,2022-04-14,238590.524,141.476,2929.089,2.146,29.88,2.77,3,1,2,0,1,1,0,1,1,0
United States,2022-04-15,238691.603,101.079,2930.389,1.301,29.87,2.77,3,1,2,0,1,1,0,1,1,0
United States,2022-04-16,238729.455,37.852,2930.549,0.16,29.87,2.77,3,1,2,0,1,1,0,1,1,0
United States,2022-04-17,238752.876,23.421,2930.582,0.033,29.87,2.77,3,1,2,0,1,1,0,1,1,0
United States,2022-04-18,238928.979,176.103,2931.341,0.76,29.87,2.77,3,1,2,0,1,1,0,1,1,0
United States,2022-04-19,239042.763,113.784,2932.642,1.301,29.86,2.77,3,1,2,0,1,1,0,1,1,0
United States,2022-04-20,239243.198,200.435,2935.32,2.678,29.86,2.77,3,1,2,0,1,1,0,1,1,0
United States,2022-04-21,239421.95,178.752,2936.505,1.185,28.01,2.77,3,1,2,0,1,0,0,1,1,0
United States,2022-04-22,239684.515,262.565,2938.054,1.549,28.01,2.77,3,1,2,0,1,0,0,1,1,0
United States,2022-04-23,239744.452,59.937,2938.214,0.16,28.01,2.77,3,1,2,0,1,0,0,1,1,0
United States,2022-04-24,239785.75,41.299,2938.309,0.095,28.01,2.77,3,1,2,0,1,0,0,1,1,0
United States,2022-04-25,239987.569,201.818,2939.095,0.786,28.0,2.77,3,1,2,0,1,0,0,1,1,0
United States,2022-04-26,240121.052,133.483,2940.041,0.946,28.0,2.77,3,1,2,0,1,0,0,1,1,0
United States,2022-04-27,240386.584,265.533,2942.418,2.377,27.99,2.77,3,1,2,0,1,0,0,1,1,0
United States,2022-04-28,240614.566,227.982,2943.635,1.218,27.99,2.77,3,1,2,0,1,0,0,1,1,0
United States,2022-04-29,240795.627,181.061,2944.886,1.25,27.99,2.77,3,1,2,0,1,0,0,1,1,0
United States,2022-04-30,240868.476,72.849,2945.226,0.34,27.98,2.77,3,1,2,0,1,0,0,1,1,0
United States,2022-05-01,240919.775,51.299,2945.294,0.068,27.98,2.77,3,1,2,0,1,0,0,1,1,0
United States,2022-05-02,241197.357,277.581,2946.166,0.872,27.98,2.77,3,1,2,0,1,0,0,1,1,0
United States,2022-05-03,241344.943,147.586,2947.493,1.327,27.98,2.77,3,1,2,0,1,0,0,1,1,0
United States,2022-05-04,241677.078,332.135,2953.263,5.77,27.97,2.77,3,1,2,0,1,0,0,1,1,0
United States,2022-05-05,241938.189,261.11,2954.15,0.887,27.97,2.77,3,1,2,0,1,0,0,1,1,0
United States,2022-05-06,242319.702,381.513,2955.276,1.126,27.97,2.77,3,1,2,0,1,0,0,1,1,0
United States,2022-05-07,242404.499,84.797,2955.832,0.556,27.96,2.77,3,1,2,0,1,0,0,1,1,0
United States,2022-05-08,242424.0,19.501,2955.921,0.089,27.96,2.77,3,1,2,0,1,0,0,1,1,0
United States,2022-05-09,242805.968,381.968,2956.675,0.754,27.96,2.77,3,1,2,0,1,0,0,1,1,0
United States,2022-05-10,243015.029,209.06,2957.641,0.967,27.96,2.77,3,1,2,0,1,0,0,1,1,0
United States,2022-05-11,243491.073,476.044,2959.663,2.022,26.56,2.77,3,1,2,0,1,0,0,1,1,0
United States,2022-05-12,243802.853,311.78,2960.556,0.893,26.56,2.77,3,1,2,0,1,0,0,1,1,0
United States,2022-05-13,244060.821,257.968,2961.168,0.612,26.56,2.77,3,1,2,0,1,0,0,1,1,0
United States,2022-05-14,244114.388,53.566,2961.345,0.177,26.55,2.77,3,1,2,0,1,0,0,1,1,0
United States,2022-05-15,244212.292,97.904,2961.454,0.109,26.55,2.77,3,1,2,0,1,0,0,1,1,0
United States,2022-05-16,244735.396,523.105,2962.185,0.73,26.55,2.77,3,1,2,0,1,0,0,1,1,0
United States,2022-05-17,244988.058,252.662,2963.358,1.174,26.55,2.77,3,1,2,0,1,0,0,1,1,0
United States,2022-05-18,245590.743,602.684,2966.228,2.87,26.54,2.77,3,1,2,0,1,0,0,1,1,0
United States,2022-05-19,245991.21,400.467,2967.219,0.99,26.54,2.77,3,1,2,0,1,0,0,1,1,0
United States,2022-05-20,246431.031,439.821,2968.454,1.236,26.54,2.77,3,1,2,0,1,0,0,1,1,0
United States,2022-05-21,246514.102,83.071,2968.679,0.225,26.54,2.77,3,1,2,0,1,0,0,1,1,0
United States,2022-05-22,246553.6,39.499,2968.818,0.139,26.54,2.77,3,1,2,0,1,0,0,1,1,0
United States,2022-05-23,246994.202,440.601,2969.542,0.724,26.53,2.77,3,1,2,0,1,0,0,1,1,0
United States,2022-05-24,247242.122,247.921,2970.556,1.014,26.53,2.77,3,1,2,0,1,0,0,1,1,0
United States,2022-05-25,247865.138,623.016,2973.769,3.213,26.53,2.77,3,1,2,0,1,0,0,1,1,0
United States,2022-05-26,248265.142,400.003,2974.822,1.052,26.53,2.77,3,1,2,0,1,0,0,1,1,0
United States,2022-05-27,248584.406,319.265,2976.394,1.573,26.52,2.77,3,1,2,0,1,0,0,1,1,0
United States,2022-05-28,248626.376,41.97,2976.51,0.115,26.52,2.77,3,1,2,0,1,0,0,1,1,0
United States,2022-05-29,248647.243,20.867,2976.56,0.05,26.52,2.77,3,1,2,0,1,0,0,1,1,0
United States,2022-05-30,248831.875,184.632,2976.684,0.124,26.52,2.77,3,1,2,0,1,0,0,1,1,0
United States,2022-05-31,249326.527,494.653,2977.769,1.085,26.52,2.77,3,1,2,0,1,0,0,1,1,0
United States,2022-06-01,250003.326,676.798,2979.77,2.001,26.52,2.77,3,1,2,0,1,0,0,1,1,0
United States,2022-06-02,250364.344,361.019,2980.737,0.967,26.51,2.77,3,1,2,0,1,0,0,1,1,0
United States,2022-06-03,250828.429,464.084,2981.919,1.182,26.51,2.77,3,1,2,0,1,0,0,1,1,0
United States,2022-06-04,250911.346,82.917,2982.38,0.461,26.51,2.77,3,1,2,0,1,0,0,1,1,0
United States,2022-06-05,250959.479,48.133,2982.481,0.101,32.07,2.77,3,1,2,0,1,0,0,1,1,0
United States,2022-06-06,251431.683,472.205,2983.32,0.84,32.06,2.77,3,1,2,0,1,0,0,1,1,0
United States,2022-06-07,251688.508,256.824,2984.724,1.404,32.06,2.77,3,1,2,0,1,0,0,1,1,0
United States,2022-06-08,252276.521,588.013,2988.266,3.541,32.06,2.77,3,1,2,0,1,0,0,1,1,0
United States,2022-06-09,252665.619,389.098,2989.144,0.878,32.06,2.77,3,1,2,0,1,0,0,1,1,0
United States,2022-06-10,252979.569,313.95,2990.229,1.085,32.05,2.77,3,1,2,0,1,0,0,1,1,0
United States,2022-06-11,253083.719,104.15,2990.551,0.322,32.05,2.77,3,1,2,0,1,0,0,1,1,0
United States,2022-06-12,253136.225,52.505,2990.637,0.086,32.05,2.77,3,1,2,0,1,0,0,1,1,0
United States,2022-06-13,253584.807,448.583,2991.497,0.86,32.05,2.77,3,1,2,0,1,0,0,1,1,0
United States,2022-06-14,253851.419,266.612,2992.573,1.076,32.05,2.77,3,1,2,0,1,0,0,1,1,0
United States,2022-06-15,254398.766,547.347,2994.666,2.093,32.05,2.77,3,1,2,0,1,0,0,1,1,0
United States,2022-06-16,254782.278,383.511,2995.975,1.31,32.05,2.77,3,1,2,0,1,0,0,1,1,0
United States,2022-06-17,255192.704,410.426,2996.918,0.943,32.04,2.77,3,1,2,0,1,0,0,1,1,0
United States,2022-06-18,255244.99,52.287,2997.039,0.121,32.04,2.77,3,1,2,0,1,0,0,1,1,0
United States,2022-06-19,255298.385,53.395,2997.199,0.16,32.04,2.77,3,1,2,0,1,0,0,1,1,0
United States,2022-06-20,255582.201,283.816,2997.48,0.281,32.04,2.77,3,1,2,0,1,0,0,1,1,0
United States,2022-06-21,255911.436,329.235,2998.828,1.348,32.04,2.77,3,1,2,0,1,0,0,1,1,0
United States,2022-06-22,256460.268,548.831,3001.355,2.527,32.04,2.77,3,1,2,0,1,0,0,1,1,0
United States,2022-06-23,256869.375,409.108,3002.481,1.126,32.04,2.77,3,1,2,0,1,0,0,1,1,0
United States,2022-06-24,257215.72,346.345,3003.8,1.318,32.03,2.77,3,1,2,0,1,0,0,1,1,0
United States,2022-06-25,257336.643,120.923,3004.24,0.44,32.03,2.77,3,1,2,0,1,0,0,1,1,0
United States,2022-06-26,257402.504,65.861,3004.302,0.062,32.03,2.77,3,1,2,0,1,0,0,1,1,0
United States,2022-06-27,257876.181,473.677,3005.186,0.884,32.03,2.77,3,1,2,0,1,0,0,1,1,0
United States,2022-06-28,258165.554,289.373,3006.889,1.703,32.03,2.77,3,1,2,0,1,0,0,1,1,0
United States,2022-06-29,258728.003,562.45,3009.038,2.149,32.03,2.77,3,1,2,0,1,0,0,1,1,0
United States,2022-06-30,259222.931,494.928,3008.222,0.0,32.03,2.77,3,1,2,0,1,0,0,1,1,0
United States,2022-07-01,259686.554,463.623,3009.706,1.484,32.02,2.77,3,1,2,0,1,0,0,1,1,0
United States,2022-07-02,259746.68,60.126,3009.839,0.133,32.02,2.77,3,1,2,0,1,0,0,1,1,0
United States,2022-07-03,259771.641,24.961,3009.86,0.021,32.02,2.77,3,1,2,0,1,0,0,1,1,0
United States,2022-07-04,259997.134,225.493,3010.093,0.234,32.02,2.77,3,1,2,0,1,0,0,1,1,0
United States,2022-07-05,260416.603,419.469,3011.459,1.366,32.02,2.77,3,1,2,0,1,0,0,1,1,0
United States,2022-07-06,261009.981,593.379,3013.729,2.27,32.02,2.77,3,1,2,0,1,0,0,1,1,0
United States,2022-07-07,261420.381,410.4,3016.901,3.172,32.02,2.77,3,1,2,0,1,0,0,1,1,0
United States,2022-07-08,261827.502,407.121,3018.471,1.57,30.8,2.77,3,1,2,0,1,0,0,1,1,0
United States,2022-07-09,261913.177,85.675,3018.615,0.145,30.8,2.77,3,1,2,0,1,0,0,1,1,0
United States,2022-07-10,261985.677,72.5,3018.707,0.092,30.8,2.77,3,1,2,0,1,0,0,1,1,0
United States,2022-07-11,262580.676,594.999,3020.096,1.389,30.8,2.77,3,1,2,0,1,0,0,1,1,0
United States,2022-07-12,263018.862,438.186,3021.767,1.67,30.8,2.77,3,1,2,0,1,0,0,1,1,0
United States,2022-07-13,263623.873,605.011,3024.652,2.885,30.79,2.77,3,1,2,0,1,0,0,1,1,0
United States,2022-07-14,264141.645,517.772,3025.757,1.106,30.79,2.77,3,1,2,0,1,0,0,1,1,0
United States,2022-07-15,264594.443,452.798,3027.265,1.508,30.79,2.77,3,1,2,0,1,0,0,1,1,0
United States,2022-07-16,264710.287,115.844,3027.422,0.157,30.79,2.77,3,1,2,0,1,0,0,1,1,0
United States,2022-07-17,264797.777,87.49,3027.581,0.16,30.79,2.77,3,1,2,0,1,0,0,1,1,0
United States,2022-07-18,265286.314,488.537,3028.885,1.304,30.79,2.77,3,1,2,0,1,0,0,1,1,0
United States,2022-07-19,265632.996,346.682,3030.753,1.868,30.78,2.77,3,1,2,0,1,0,0,1,1,0
United States,2022-07-20,266273.698,640.702,3033.419,2.666,30.78,2.77,3,1,2,0,1,0,0,1,1,0
United States,2022-07-21,266792.31,518.611,3034.889,1.469,30.78,2.77,3,1,2,0,1,0,0,1,1,0
United States,2022-07-22,267180.695,388.386,3036.606,1.717,30.78,2.77,3,1,2,0,1,0,0,1,1,0
United States,2022-07-23,267258.522,77.827,3036.816,0.21,30.78,2.77,3,1,2,0,1,0,0,1,1,0
United States,2022-07-24,267327.241,68.719,3036.907,0.092,30.78,2.77,3,1,2,0,1,0,0,1,1,0
United States,2022-07-25,267888.754,561.513,3038.167,1.259,30.77,2.77,3,1,2,0,1,0,0,1,1,0
United States,2022-07-26,268279.576,390.822,3039.793,1.626,30.77,2.77,3,1,2,0,1,0,0,1,1,0
United States,2022-07-27,268989.393,709.817,3042.616,2.823,30.77,2.77,3,1,2,0,1,0,0,1,1,0
United States,2022-07-28,269512.749,523.356,3043.804,1.188,30.77,2.77,3,1,2,0,1,0,0,1,1,0
United States,2022-07-29,269983.458,470.709,3045.651,1.848,30.77,2.77,3,1,2,0,1,0,0,1,1,0
United States,2022-07-30,270030.799,47.341,3045.743,0.092,30.77,2.77,3,1,2,0,1,0,0,1,1,0
United States,2022-07-31,270069.218,38.42,3045.782,0.038,30.77,2.77,3,1,2,0,1,0,0,1,1,0
United States,2022-08-01,270572.237,503.018,3047.478,1.697,30.76,2.77,3,1,2,0,1,0,0,1,1,0
United States,2022-08-02,270841.157,268.92,3048.986,1.508,32.61,2.77,3,1,2,0,1,0,0,1,1,1
United States,2022-08-03,271434.453,593.296,3052.226,3.24,32.61,2.77,3,1,2,0,1,0,0,1,1,1
United States,2022-08-04,271987.582,553.129,3054.061,1.836,32.61,2.77,3,1,2,0,1,0,0,1,1,1
United States,2022-08-05,272301.0,313.418,3056.181,2.119,32.61,2.77,3,1,2,0,1,0,0,1,1,1
United States,2022-08-06,272345.281,44.282,3056.302,0.121,32.61,2.77,3,1,2,0,1,0,0,1,1,1
United States,2022-08-07,272382.53,37.249,3056.394,0.092,32.61,2.77,3,1,2,0,1,0,0,1,1,1
United States,2022-08-08,272842.689,460.159,3057.875,1.481,32.61,2.77,3,1,2,0,1,0,0,1,1,1
United States,2022-08-09,273137.726,295.037,3059.781,1.907,32.6,2.77,3,1,2,0,1,0,0,1,1,1
United States,2022-08-10,273718.645,580.919,3062.578,2.796,32.6,2.77,3,1,2,0,1,0,0,1,1,1
United States,2022-08-11,274199.626,480.981,3064.221,1.644,32.6,2.77,3,1,2,0,1,0,0,1,1,1
United States,2022-08-12,274485.57,285.944,3066.163,1.942,32.6,2.77,3,1,2,0,1,0,0,1,1,1
United States,2022-08-13,274732.899,247.329,3066.299,0.136,32.6,2.77,3,1,2,0,1,0,0,1,1,1
United States,2022-08-14,274761.697,28.798,3066.347,0.047,32.6,2.77,3,1,2,0,1,0,0,1,1,1
United States,2022-08-15,275125.713,364.016,3067.736,1.389,32.6,2.77,3,1,2,0,1,0,0,1,1,1
United States,2022-08-16,275397.309,271.595,3069.247,1.511,32.59,2.77,3,1,2,0,1,0,0,1,1,1
United States,2022-08-17,275802.346,405.037,3072.525,3.278,24.26,2.77,3,1,2,0,1,0,0,1,1,1
United States,2022-08-18,276242.803,440.457,3074.322,1.797,24.26,2.77,3,1,2,0,1,0,0,1,1,1
United States,2022-08-19,276472.298,229.496,3076.066,1.744,24.25,2.77,3,1,2,0,1,0,0,1,1,1
United States,2022-08-20,276504.974,32.676,3076.196,0.13,24.25,2.77,3,1,2,0,1,0,0,1,1,1
United States,2022-08-21,276533.902,28.928,3078.526,2.329,24.25,2.77,3,1,2,0,1,0,0,1,1,1
United States,2022-08-22,276915.806,381.903,3077.781,0.0,24.25,2.77,3,1,2,0,1,0,0,1,1,1
United States,2022-08-23,277209.459,293.653,3079.605,1.824,24.25,2.77,3,1,2,0,1,0,0,1,1,1
United States,2022-08-24,277658.394,448.935,3082.457,2.853,24.25,2.77,3,1,2,0,1,0,0,1,1,1
United States,2022-08-25,278070.842,412.448,3084.275,1.818,24.25,2.77,3,1,2,0,1,0,0,1,1,1
United States,2022-08-26,278427.577,356.735,3086.356,2.081,24.25,2.77,3,1,2,0,1,0,0,1,1,1
United States,2022-08-27,278462.334,34.757,3086.469,0.112,24.25,2.77,3,1,2,0,1,0,0,1,1,1
United States,2022-08-28,278487.254,24.919,3086.522,0.053,24.24,2.77,3,1,2,0,1,0,0,1,1,1
United States,2022-08-29,278801.23,313.976,3087.947,1.425,24.24,2.77,3,1,2,0,1,0,0,1,1,1
United States,2022-08-30,279025.204,223.974,3089.141,1.194,24.24,2.77,3,1,2,0,1,0,0,1,1,1
United States,2022-08-31,279481.954,456.75,3093.649,4.508,24.24,2.77,3,1,2,0,1,0,0,1,1,1
United States,2022-09-01,279868.064,386.11,3095.662,2.013,24.24,2.77,3,1,2,0,1,0,0,1,1,1
United States,2022-09-02,280059.264,191.2,3097.081,1.419,24.24,2.77,3,1,2,0,1,0,0,1,1,1
United States,2022-09-03,280092.924,33.66,3097.187,0.106,24.24,2.77,3,1,2,0,1,0,0,1,1,1
United States,2022-09-04,280114.858,21.934,3097.229,0.041,24.24,2.77,3,1,2,0,1,0,0,1,1,1
United States,2022-09-05,280214.169,99.311,3097.492,0.263,24.24,2.77,3,1,2,0,1,0,0,1,1,1
United States,2022-09-06,280547.292,333.123,3099.283,1.791,24.24,2.77,3,1,2,0,1,0,0,1,1,1
United States,2022-09-07,280913.96,366.668,3101.657,2.374,26.03,2.77,3,1,2,0,1,0,0,1,1,1
United States,2022-09-08,281230.614,316.654,3103.69,2.034,26.03,2.77,3,1,2,0,1,0,0,1,1,1
United States,2022-09-09,281528.619,298.005,3105.307,1.617,26.03,2.77,3,1,2,0,1,0,0,1,1,1
United States,2022-09-10,281558.525,29.906,3105.42,0.112,26.03,2.77,3,1,2,0,1,0,0,1,1,1
United States,2022-09-11,281585.085,26.56,3105.479,0.059,26.02,2.77,3,1,2,0,1,0,0,1,1,1
United States,2022-09-12,281790.599,205.513,3106.842,1.363,26.02,2.77,3,1,2,0,1,0,0,1,1,1
United States,2022-09-13,282026.266,235.668,3108.376,1.534,26.02,2.77,3,1,2,0,1,0,0,1,1,1
United States,2022-09-14,282332.687,306.421,3111.246,2.87,26.02,2.77,3,1,2,0,1,0,0,1,1,1
United States,2022-09-15,282579.112,246.425,3113.23,1.984,26.01,2.77,3,1,2,0,1,0,0,1,1,1
United States,2022-09-16,282745.363,166.251,3114.504,1.274,26.01,2.77,3,1,2,0,1,0,0,1,1,1
United States,2022-09-17,282770.589,25.227,3114.604,0.101,26.01,2.77,3,1,2,0,1,0,0,1,1,1
United States,2022-09-18,282786.727,16.137,3114.666,0.062,26.01,2.77,3,1,2,0,1,0,0,1,1,1
United States,2022-09-19,282951.665,164.938,3115.84,1.174,26.0,2.77,3,1,2,0,1,0,0,1,1,1
United States,2022-09-20,283156.492,204.827,3117.138,1.298,26.0,2.77,3,1,2,0,1,0,0,1,1,1
United States,2022-09-21,283447.476,290.984,3120.07,2.932,26.0,2.77,3,1,2,0,1,0,0,1,1,1
United States,2022-09-22,283686.887,239.41,3122.027,1.957,26.0,2.77,3,1,2,0,1,0,0,1,1,1
United States,2022-09-23,283933.116,246.23,3123.283,1.256,25.99,2.77,3,1,2,0,1,0,0,1,1,1
United States,2022-09-24,283961.858,28.742,3123.437,0.154,25.99,2.77,3,1,2,0,1,0,0,1,1,1
United States,2022-09-25,283981.687,19.829,3123.49,0.053,25.99,2.77,3,1,2,0,1,0,0,1,1,1
United States,2022-09-26,284116.465,134.778,3124.581,1.091,25.99,2.77,3,1,2,0,1,0,0,1,1,1
United States,2022-09-27,284296.819,180.354,3125.905,1.324,25.99,2.77,3,1,2,0,1,0,0,1,1,1
United States,2022-09-28,284553.513,256.694,3129.751,3.846,25.99,2.77,3,1,2,0,1,0,0,1,1,1
United States,2022-09-29,284802.909,249.396,3131.799,2.049,25.99,2.77,3,1,2,0,1,0,0,1,1,1
United States,2022-09-30,284901.638,98.729,3132.734,0.934,25.99,2.77,3,1,2,0,1,0,0,1,1,1
